-0.11385083	-0.017821878	-0.17837851	0.042411055	0.050569326	0.07513706	0.11548022	-0.008633609	0.05309378	-0.18641798	0.092892535	0.0154805025	-0.08985749	0.10657377	-0.073130675	0.16419642	0.03795408	-0.030182129	0.1685061	0.0033501831	-0.035731874	0.07419743	-0.005253842	0.109413885	-0.082936704	0.039395228	0.08211256	-0.039100897	0.09846178	-0.059800535	-0.0020620401	0.08504505	-0.006769128	-0.10783436	0.124239385	0.02320505	-0.09279448	-0.04616045	0.10129059	0.015340598	-0.015686492	0.008006199	-0.0075153406	0.123188	-0.06692373	-0.018043969	0.058631167	0.02562677	-0.11257978	-0.15755503	-0.0331074	0.040571153	0.004041512	-0.025690444	0.14792694	0.068073966	0.0006517658	-0.10583223	-0.051448002	0.0807615	0.10139042	0.05848853	-0.09939893	-0.10404544
-0.06270463	-0.0028043955	-0.06003836	-0.013414573	-0.11108364	0.12974036	0.01802854	0.13265528	0.04258342	0.10819643	0.030560613	-0.084021084	0.042112205	0.17372252	0.00021034008	-0.0629407	0.029517448	-0.051838625	0.0050091506	-0.06683355	-0.02084554	0.043209173	-0.016036702	-0.09716573	-0.033347316	-0.033495862	0.004871626	-0.07112448	0.06473766	-0.0036452224	0.013778765	0.03470588	-0.07034956	-0.0045328215	-0.0065158177	0.13821419	-0.07412062	0.095158316	-0.029076569	0.03150129	0.11607232	0.048714276	0.16176037	0.10614036	0.04783494	-0.107319176	-0.062379792	-0.1910936	-0.081727594	0.06550917	-0.015281249	0.06423698	0.061910994	-0.083585955	0.1240975	0.025753235	-0.09189144	-0.073354736	-0.01689087	0.02725137	0.008497882	-0.088622205	-0.074201316	-0.061418205
-0.13646194	-0.0019574556	-0.14046834	-0.13046722	0.08889574	0.08830134	0.12495564	-0.05111144	0.12113971	-0.073429875	0.12691543	0.017668298	0.050496165	0.05119863	0.1284508	0.13937125	0.068456136	-0.13304321	-0.108725145	0.01767644	0.14286512	-0.08037233	-0.076330125	0.027396495	-0.029567901	0.025511593	0.018621527	0.11377403	0.029460905	-0.06684411	0.015868088	-0.02001518	-0.021717018	-0.13612671	-0.11547184	-0.04275019	-0.017357845	0.19266158	-0.045342136	0.020571917	-0.03517351	-0.0077922223	-0.054747116	0.14009374	0.04344145	0.04459451	0.14744651	0.100115836	-0.14573184	0.07024971	-0.06859491	-0.117336534	-0.00021528051	-0.12630494	0.026062014	0.03974788	-0.04580665	-0.0037006813	-0.05172968	0.026325895	-0.04529631	0.07046967	0.08517157	0.010177557
0.040977735	0.026080124	-0.04998011	-0.08017955	0.024922239	0.0096181175	0.07097209	-0.10032057	-0.011181847	0.06359226	0.08482849	0.0506485	-0.08538413	-0.10559917	-0.03698928	0.026134638	0.020715915	0.06940179	0.110616975	-0.010510808	0.0513992	0.03115195	0.0530527	-0.06394228	-0.012624871	0.025282292	0.07607343	-0.18801439	0.042060502	-0.05446	0.08091687	0.018080158	-0.026683155	-0.021049667	0.012137978	0.0110912975	-0.08477274	-0.002322958	0.04824981	0.12943381	0.098482236	0.118204914	0.08831008	0.08589074	0.04219425	0.09855337	0.05914948	-0.02743525	-0.1581263	0.13606001	0.048498306	-0.08967535	-0.045053035	-0.12923676	0.06700854	-0.060700364	0.021631183	-0.08187685	-0.06207461	-0.13100047	0.1070355	-0.019153966	-0.10294534	0.052070078
-0.054667287	0.027901977	0.04229464	-0.101899266	0.140264	-0.015414195	0.12518495	-0.118286975	0.12563473	0.089779645	0.03183382	0.072563305	-0.061810385	-0.07529546	-0.1743896	-0.03861229	0.041008998	0.0397684	-0.053990643	0.10387288	-0.12862931	-0.05509483	-0.11008388	-0.07550629	-0.1353302	-0.10495814	-0.095906936	-0.02039553	0.032880317	0.031184977	0.07065681	-0.05866759	0.0005999465	0.029948719	-0.06332316	0.0041986117	-0.030315684	0.1558567	-0.10509323	0.009011622	0.07505777	0.048344977	0.05884998	0.051086195	-0.12417352	0.0023793164	-0.03687292	-0.06547228	-0.13089134	0.03814732	0.12049279	-0.0689633	-0.002364027	-0.036123525	0.040279865	-0.08722859	-0.11200674	0.092630774	-0.0025026188	0.1343292	0.0963867	-0.036428645	-0.022111978	-0.09261669
-0.101211466	-0.0918368	-0.045500703	0.11300496	-0.041639563	-0.113883466	-0.011135625	0.12084892	-0.081655204	0.16977406	0.10467665	0.14610463	0.07108641	0.1557035	-0.061513275	-0.036702737	0.15661813	-0.008267584	0.08309644	-0.06710984	0.009347849	-0.15695946	-0.090377614	-0.0031616583	0.040379234	-0.09297871	-0.09607405	-0.018298386	0.120218754	-0.147069	0.020553779	0.058952868	0.1806067	-0.1594713	0.0065495335	-0.0075573022	0.015888872	0.067306384	-0.0755312	-0.10173623	0.018338852	0.013063139	0.07244679	0.18264891	0.073759854	-0.060729343	0.009994673	0.08241026	-0.06555827	-0.09726524	-0.027315272	-0.06072378	-0.039146915	-0.03508585	0.042228885	-0.024088413	-0.11909334	-0.13570765	0.048568085	0.1098298	0.09423757	-0.081872895	-0.049832597	-0.07392944
-0.026966913	-0.14251705	-0.14916554	-0.014203315	-0.09053401	-0.107723676	0.005374456	0.06728235	0.022372017	0.108946025	-0.008263119	-0.071241155	-0.059371833	0.06375509	0.040999856	0.07523529	0.068132244	0.010110518	0.04540984	-0.068926826	0.054198116	-0.04113093	0.026130121	-0.12580462	-0.08228801	0.043544907	-0.0016436622	0.08330855	-0.06531369	-0.062787	-0.001259778	0.04841306	-0.077330604	-0.11755407	0.081325084	0.100589246	0.0828705	0.093799576	-0.014141598	0.006070368	0.09933891	0.04117682	0.10732784	0.04781652	0.05976358	0.07418472	0.041538972	-0.16362202	-0.053903934	-0.027892211	0.14846572	-0.09611411	0.020645522	-0.07811547	-0.013774329	-0.1172734	0.09144546	-0.00022240335	0.031106845	0.107830435	0.058143854	-0.06469845	-0.098807245	-0.13609107
-0.06129806	-0.14599031	-0.16819945	-0.030465225	-0.029833646	-0.13417386	-0.024557015	-0.11715866	0.1777084	-0.013249222	0.054829404	-0.08149789	-0.114276126	-0.015002267	0.049275804	0.094774045	-0.055384614	0.07164375	0.04216903	-0.10157061	0.08586096	0.014790322	-0.12182682	-0.0989782	0.034318633	0.10634767	-0.025587404	-0.15835719	-0.021691391	0.01673011	0.036660694	0.0104642585	0.0045684306	-0.08999643	0.024164911	-0.061702926	0.047534373	-0.016166262	0.13320631	0.09850327	0.08271024	0.033108413	0.07229405	-0.03855955	0.11792583	0.054547217	0.1421021	-0.09435901	-0.1279348	-0.02843346	0.049119547	-0.15764436	-0.022812832	-0.03679982	-0.034764085	-0.04817592	0.055740327	-0.070172355	0.041442465	0.06186469	-0.025224576	-0.015035569	-0.11161389	-0.006860546
0.14582048	0.064543545	0.053364187	-0.20168374	-0.07095742	0.09247497	0.13913	-0.093993634	0.014877214	0.08458223	-0.11536778	-0.021224985	-0.0883816	-0.09080194	-0.010646028	0.11846376	0.01661154	0.008047333	-0.06015383	-0.05318388	-0.10846562	0.17929702	0.1522089	-0.010333222	-0.04458295	0.0070499335	0.10741922	-0.21201767	0.102288194	-0.009375224	0.07007088	0.035102326	-0.02160259	0.073320255	0.019427815	-0.02981495	0.0031544566	-0.026196085	0.11555231	0.09950998	0.052562986	0.15857589	0.05607677	-0.04540483	0.10894495	0.031706437	0.10069091	-0.055123344	-0.12876846	0.19461204	-0.0254092	0.014797427	0.13169228	-0.12225998	-0.0024931123	-0.009534258	-0.026601998	-0.15284374	0.0133903	-0.06124663	0.055618178	0.01707982	0.025955431	-0.05530073
0.042016715	-0.0494861	-0.14723943	-0.10107183	0.0509698	-0.11525738	0.018638087	-0.065054715	0.1167984	0.0008169158	0.18802774	0.16916266	-0.022958493	-0.056986675	0.08759724	0.10366513	0.06661776	-0.07154331	0.020905683	0.082506366	-0.03264885	-0.18410912	-0.026057161	-0.14226551	0.056750223	0.053736806	-0.00087163114	0.11731186	-0.13800979	-0.108599976	-0.042290334	0.010499173	0.06617952	-0.16541518	0.008257121	-0.031210845	0.12794426	0.15999582	-0.08272006	-0.007324327	-0.074333705	-0.19117005	-0.07307366	0.024207449	0.07931013	-0.07172181	-0.10594266	0.023417318	-0.050162073	-0.09279574	-0.09475478	0.0018360954	0.036573235	-0.14187571	0.11208252	-0.21544205	-0.020335158	0.050349277	0.112928584	0.09522908	-0.061124828	-0.042143594	0.039595596	-0.14996755
-0.076931424	0.040920764	-0.0780364	-0.06025393	0.08565946	0.07130376	0.19867976	0.03282142	-0.08712081	-0.06397303	0.030479701	-0.07085617	0.03954373	0.030103978	-0.025542693	0.22978112	-0.036840104	-0.17912808	0.04286157	0.017917437	0.009178225	0.13318679	0.070351735	0.071421035	0.0077275853	-0.021040605	0.08279342	0.100856096	0.14056571	0.026233058	0.027761873	-0.0788436	-0.15358403	-0.0736945	0.06562469	0.17996809	0.017424935	0.0900298	0.09650514	0.08322956	-0.04149132	0.050047662	0.105461344	0.060235918	-0.014623117	0.09235917	-0.118885815	-0.10322679	-0.1257822	-0.03559594	-0.0686564	-0.0004117388	0.1267176	-0.19963887	-0.015619371	-0.05550849	-0.10117861	0.055085402	0.13326153	0.013637213	0.082031466	-0.1170058	-0.07176777	-0.04231171
0.07156866	-0.0337514	-0.032524157	0.09963651	0.037483722	0.013340649	0.07699964	-0.039679084	0.06824509	-0.021759132	-0.1641274	-0.06852514	-0.025917592	-0.099904835	-0.14803274	0.09609806	0.083148666	0.017453251	-0.16042282	-0.08922924	-0.015791003	0.019746361	0.06899903	-0.07435114	-0.0726883	-0.037881993	0.05253238	-0.101243086	0.09850698	0.09002139	0.004367314	-0.05483796	-0.17038445	0.05049382	-0.11190573	0.15917455	0.010936794	0.07497213	0.085903436	-0.01848686	-0.115753084	0.05147347	-0.0752829	-0.09811494	0.04548588	-0.034490526	-0.011871704	-0.07315816	-0.13001865	0.08495655	0.056353636	-0.047091074	0.11328563	-0.0008552607	-0.048109856	-0.14568572	0.013767943	0.036649413	0.023648681	-0.0543928	-0.045460686	0.14719622	-0.1875786	-0.051329803
-0.05357652	-0.14294201	0.0424745	0.032742728	0.10183988	-0.020480152	0.021845281	-0.11989373	-0.041278772	0.076459415	0.016107777	8.7329165e-05	0.07817064	0.15430176	-0.06942916	-0.057264663	-0.071921565	-0.044990025	0.07039918	0.0870394	-0.1305535	-0.0035699569	-0.08694725	-0.07440965	-0.09291438	0.02186551	-0.100407235	-0.21201026	-0.014436424	-0.020323182	-0.07016902	-0.033683475	-0.00050101336	0.059572924	0.08293222	0.005007358	0.05097961	0.1511011	0.14608574	-0.026397098	0.17550161	0.004763543	-0.044010483	0.1336504	-0.14265074	-0.09573473	0.051283367	0.05759877	0.020542532	0.09798682	0.1263791	-0.043718547	0.106612384	-0.06593184	-0.08750025	-0.19255272	-0.072857924	0.028393814	-0.03377189	0.036472213	-0.031858657	0.03214866	-0.18371625	0.061623186
0.11879842	-0.089508705	-0.0026013195	-0.07310645	-0.07264421	-0.09145481	0.05450089	-0.18201172	-0.08259789	-0.08655387	0.023059705	-0.12971452	-0.058128603	-0.0072755204	0.0706298	0.0775984	0.110994816	0.035447385	0.06961895	-0.07241617	0.029433371	-0.099229544	0.11312237	-0.17059554	0.05049185	-0.0030183007	0.1329224	-0.14604452	0.08408542	0.0826581	-0.0008824439	-0.03284472	-0.012109489	-0.11274032	0.1023649	0.15893218	-0.010011864	0.109335914	0.037790008	0.009254587	0.09294148	0.13968806	-0.09174381	0.05580636	0.14503269	0.09654744	-0.003083208	-0.0015699245	-0.12710215	-0.015787452	0.15107536	-0.09297668	-0.07815074	-0.11446366	0.124386095	0.053873006	0.1312125	-0.018540349	0.040706735	-0.05267118	0.07498298	0.14538759	-0.121024095	0.1589309
0.16435827	0.0035321156	0.06999497	-0.035410687	-0.094392136	0.055327326	0.12677431	-0.16242613	0.030852823	0.03551514	-0.08252378	-0.092906915	-0.023560818	-0.03164712	-0.006655906	0.07236739	0.035504397	0.055618774	-0.08972792	-0.12025106	-0.15072818	-0.039230976	0.0560642	-0.21727845	-0.05645422	-0.077676564	0.16238685	-0.08489704	0.0310496	-0.021427555	0.1692136	-0.01642721	0.0059904046	-0.022287663	-0.028884942	-0.03195312	-0.079160444	0.120307766	0.11180432	0.07499393	0.007614816	-0.015084212	-0.002814635	0.021430073	0.11114687	-0.07182364	-0.080822125	0.015964342	-0.13138196	0.07828161	0.031923298	-0.062183965	0.14450246	-0.024868444	0.08264686	0.050404556	0.037672915	-0.041841004	0.082918	-0.02621719	0.12892528	0.15748207	-0.14608926	0.06825826
-0.11364276	-0.12722409	-0.16053352	0.049862344	-0.0632481	-0.048275147	-0.07790098	0.10585565	-0.025552072	0.056754693	-0.07437998	-0.04571673	0.007684067	-0.02460455	-0.083716124	0.09793949	-0.024860632	0.081838906	0.05954304	-0.093752965	-0.02846064	0.19096132	0.1263497	-0.09995947	0.020349052	-0.004002626	0.0809136	-0.10213476	-0.034035765	0.086713	0.00063994096	0.010038105	0.025515601	0.07263617	0.08679931	0.020399548	0.06005825	0.025487615	0.12722449	-0.023608347	-0.027639281	0.04894801	0.008326573	0.113106586	-0.0026772302	-0.073104665	0.091523126	-0.16695137	0.035600048	0.1265889	-0.018335233	-0.10797067	0.005135763	-0.09395154	-0.0670477	-0.10309754	0.049544428	-0.14406581	0.01738792	-0.012364762	-0.020239452	-0.015565817	-0.12484088	-0.104539886
-0.09620282	-0.19316782	-0.091187686	-0.08349755	-0.05531598	-0.021875633	0.09821378	0.1692912	0.028271073	0.20725061	-0.046500843	-0.027514309	-0.017671244	0.03074199	0.08059971	0.14198065	-0.023846898	-0.08895329	-0.038690925	-0.077388905	0.013029133	0.07433411	0.017449465	0.024092682	0.047840558	-0.09002638	-0.112750106	0.13540213	0.068141125	-0.06423407	-0.037032057	0.10901661	0.008177591	-0.038214244	-0.019513058	-0.055431947	0.027009174	0.13101487	0.15478219	-0.10989811	-0.031134274	-0.050747693	0.10883357	0.13073903	0.03640433	-0.13041154	0.042244148	-0.04025496	-0.13668902	-0.048130978	-0.14833198	-0.13999723	0.12175411	-0.13883504	-0.06690693	-0.18271004	0.10192859	0.033885423	0.17844886	0.0786782	-0.057473343	-0.034972023	0.040534087	-0.06328844
-0.020357387	0.038051613	0.052616153	-0.10662014	0.047260374	-0.15076718	-0.08719552	0.063924186	-0.06097339	0.12013013	-0.02671045	0.14891072	-0.09842458	-0.017828016	-0.15300928	0.04373757	0.060612302	-0.08805099	0.029637862	0.038821932	-0.086608276	0.19400507	-0.06904171	-0.019752257	-0.113436036	-0.067561865	-0.016324908	-0.096868694	-0.064440265	-0.089241944	-0.112766124	-0.05484646	-0.026742576	0.00034060987	-0.0031727713	-0.046147827	0.055357177	0.17602524	-0.024563693	-0.09602742	0.10355596	0.13031809	0.16506343	-0.024855299	-0.08436243	-0.047925465	0.055150617	-0.058816988	-0.046388056	0.13319427	-0.042836137	0.013708044	0.0011120831	-0.13509059	-0.006058535	-0.010200312	0.016230391	-0.09629207	0.01568857	-0.005079175	0.02300296	-0.04564239	-0.0137016615	-0.030355148
-0.01973736	0.0023683715	-0.10909596	-0.079178914	0.031984758	-0.104736686	-0.0008101047	0.23242866	0.1538772	0.024120448	-0.0077391774	0.071822695	0.09850117	0.08374508	-0.09177783	-0.030207641	-0.02033344	-0.075936995	0.026848912	-0.0431575	0.0054526455	0.13728644	-0.025324982	0.0015646586	-0.048821844	0.059732053	0.18188767	0.06603506	0.017522097	0.0006830822	-0.16526823	0.0032881082	0.0016879183	-0.06258402	-0.08789584	0.101564	0.044279136	0.023114488	-0.063342385	-0.006965606	0.061614268	0.09070646	0.046993148	0.041381385	-0.07575992	0.111624144	-0.086881235	-0.12587892	0.0025948423	0.15224692	0.029223124	-0.07452727	-0.053009704	0.049364757	0.017689917	-0.030182298	-0.038240727	-0.015382291	0.04823523	0.048770074	0.06400021	0.0490457	-0.084193476	-0.0070114043
0.01123704	-0.059298992	0.09678978	-0.115490444	0.046004467	0.07018989	-0.026659556	0.012428432	-0.01783425	0.06697721	0.08445525	0.10875614	0.094262525	-0.044700008	0.1438125	0.012202338	0.16609764	-0.17405958	0.07288481	0.14061737	0.13549829	-0.16310628	0.00060956035	-0.050886363	0.105134025	-0.10780892	0.08530045	0.13115403	0.07117345	0.110968515	0.06911672	0.07969609	0.14742117	-0.08984812	0.019233603	0.10718774	0.13822177	0.024349207	-0.080071814	-0.060823034	0.12046704	0.057245266	0.13953465	0.025763443	0.11029325	0.06850245	-0.022912586	-0.019923905	-0.08202008	-0.028014585	0.002767208	-0.0735007	-0.0019844477	-0.1485532	0.16794614	-0.057173774	-0.12693617	0.045745585	0.087814204	-0.060807016	0.10298284	-0.04842278	0.003336109	0.022411622
-0.06269463	-0.020570884	-0.01985522	0.031313233	-0.119900264	0.06899718	-0.0737485	0.07357121	0.119318955	0.057007015	-0.001645709	0.06973881	0.048820063	-0.0073015597	0.105865814	-0.023706082	-0.04447459	0.024883585	0.002989006	-0.0026483526	0.015040166	0.10979095	0.011174287	-0.21148248	0.017210444	0.06853635	0.060055826	-0.05885807	-0.010218021	0.06219712	0.124554016	0.11807388	0.05098136	-0.1136903	-0.08843102	0.09096124	0.049132444	0.10651035	0.047183268	-0.09004817	-0.054227762	-0.051787935	-0.03457513	0.14993228	0.00096981716	0.05075628	0.09808036	0.043571565	0.053576037	-0.0022421724	0.2178137	-0.025293363	0.029402858	-0.0046296706	-0.031586993	0.054910623	-0.07826445	0.047751635	-0.0685859	0.037413374	0.09679824	-0.03611931	0.007553665	-0.16414474
0.13037167	-0.09505206	0.025115095	0.07549271	-0.028434528	0.041806694	0.13260965	0.14607602	0.0564201	0.098554455	0.17037572	-0.06011965	-0.056656737	-0.045010824	-0.19042107	-0.118880086	0.21705575	-0.10468804	0.11370939	-0.090184465	-0.18422666	-0.1361897	-0.09916455	0.025466586	-0.005358814	0.0019770404	0.015200947	0.15150863	0.0009299676	-0.027964396	-0.14098978	0.02340406	-0.080189236	0.032650806	0.008723958	-0.06541112	-0.020338815	0.008736306	-0.07963329	-0.062030323	-0.03660087	-0.19601598	0.027871998	0.20124982	-0.036956526	-0.22428118	-0.19539912	-0.04673785	-0.058248464	-0.08890296	0.11840202	0.13920943	0.1729272	-0.042497654	0.19312131	-0.08441205	-0.0513627	0.13978109	0.26728937	-0.06072796	-0.0019719813	0.13602708	0.019560259	-0.013789298
-0.04080441	-0.03235195	-0.063886546	0.110727325	-0.058276292	-0.076213054	0.042699642	0.1174677	-0.051514965	-0.061065193	0.017641537	-0.08537144	0.09931205	0.14821218	0.20382912	0.01816913	-0.057023972	0.07189325	0.06940365	-0.038661577	0.0330114	0.04933015	-0.01799483	-0.08119079	0.04134655	0.01401025	0.07677798	0.0051275566	0.13215172	0.06955477	-0.050060693	0.1231682	0.041221812	-0.06800183	0.013432027	0.06990169	0.02870599	0.06953482	0.098876365	0.113700755	0.023870379	-0.05535966	-0.03957782	0.0579303	0.06633909	-0.08093226	0.088582605	-0.0012037512	-0.11669168	-0.07965151	0.032012045	-0.032034773	0.10452992	-0.1580272	-0.00818591	0.020880312	-0.042873055	-0.0071910117	0.09149895	0.031082205	0.037975267	0.13805516	-0.103929706	0.11898446
-0.027267415	0.03948098	-0.12129567	0.11147101	0.090751305	0.034342524	0.06254109	0.15979621	0.024437228	0.033513308	-0.04087324	0.044476938	0.06548964	0.060037654	0.011912377	0.05699835	0.055105437	0.015742505	0.03703467	0.03656023	-0.072520085	0.02281455	0.0058548152	0.080556	-0.1451436	0.0286229	0.036927246	-0.05567221	0.096512936	-0.04242896	-0.11212277	0.08762672	-0.071958	-0.17098334	-0.108863086	-0.011207219	-0.017242702	0.046525348	0.010216293	0.07588455	-0.071979776	0.017303392	0.1036301	-0.056663837	-0.070843905	-0.10360369	0.12831858	-0.09711617	-0.07020717	-0.026814068	-0.0032112638	-0.07408328	0.052293915	-0.09848664	-0.05659848	-0.0791291	-0.060057513	0.10805564	0.11785669	0.055422533	0.00085006567	0.09516144	0.036488593	0.05423614
-0.0039001354	-0.13771705	-0.17594771	0.053681888	0.12274735	0.06638886	0.055127803	-0.027281389	-0.084450334	0.12247219	0.07218693	-0.032207537	-0.006020482	0.05814924	-0.17394675	0.022291828	0.16497576	-0.14045699	0.006622432	-0.10751012	-0.08003506	-0.120536536	0.0008562309	0.050192058	-0.13591741	-0.0077376985	-0.0043024407	-0.021910256	0.045284696	-0.15552728	0.0019849162	-0.028098416	0.116887935	-0.17047614	0.06341759	-0.0046686027	0.022421107	-0.03193357	0.022522045	-0.020876715	0.05068382	0.12330432	-0.045932416	0.09851186	0.073376335	0.06708316	-0.0026397402	-0.036386065	0.0013117521	0.17310801	0.12700562	0.118991755	-0.079592526	0.038452268	0.040094286	-0.16564764	0.05355977	0.033477407	0.093319505	-0.041435566	-0.08866844	-0.12046609	0.052606262	-0.028824707
-0.102538966	-0.12338635	-0.114870846	0.057720125	0.06065583	0.002326479	0.006753643	-0.1328073	-0.102363124	0.030292008	0.031379297	0.06903075	-0.080911085	0.027092373	-0.14332974	-0.00014517286	0.15864678	-0.030152474	0.047579464	0.02469719	0.12391137	0.08147346	-0.071394466	-0.09487714	0.008320965	0.059978846	-0.10808262	-0.016212622	-0.038505338	-0.07853544	-0.015464139	-0.12272178	0.017363051	0.086545676	0.06996571	0.039848816	-0.06654503	0.06439148	0.02260443	-0.11294014	-0.123434745	-0.051551078	-0.09970304	0.16186772	0.05074889	-0.10163598	-0.029585946	-0.10020583	-0.101597905	0.059173293	0.10056254	-0.009145494	-0.028030686	-0.057900384	-0.022666281	-0.07762588	-0.114758395	0.011147097	0.059681136	0.09398405	0.024293926	0.13822263	-0.20905633	0.021159431
0.106611855	0.049094018	0.10428532	0.13168162	-0.046253037	0.041805148	0.06058686	-0.00080979086	-0.061814204	-0.06332717	0.11182907	0.07856811	0.11063843	-0.012926978	0.14683254	-0.048636597	0.06639717	-0.06036429	0.008471212	-0.06631599	-0.0342671	0.09389757	0.08216395	0.0071324906	0.009794851	-0.054654773	-0.069322556	-0.045561288	0.0060938895	0.072005354	-0.029084755	0.07989088	-0.0036673634	-0.1829849	-0.022556465	0.08221336	0.12548947	-0.01675364	-0.061851837	0.1609856	0.03496223	0.058465805	-0.028932728	0.070118025	0.18801269	-0.051495504	-0.061500814	-0.12158724	-0.17550136	-0.032234244	0.19282681	0.042472932	0.1027693	-0.1980303	-0.01582319	0.07527562	-0.15261135	0.083257355	0.14294091	-0.085163794	-0.14130236	0.055028293	0.038115148	0.075021155
-0.029595949	-0.023868643	-0.12447762	-0.005586269	-0.051499233	-0.08245486	0.1127556	-0.047226198	0.03579191	0.0010295237	-0.029304313	0.0837002	0.0015972281	-0.035073098	-0.05956648	-0.05092799	0.13243091	0.051819757	0.058064595	0.083886065	-0.11980254	-0.07018358	0.03277418	-0.08141188	-0.16235143	0.010012792	0.040825825	-0.022427116	0.13135798	-0.067308664	-0.12208876	0.09953771	0.0009133735	-0.09502754	0.1450019	0.16681239	0.05103764	0.086466126	0.024249788	-0.053595755	0.010580689	0.10681871	0.01331666	0.030067569	-0.12525105	0.03209449	0.08331977	-0.0747898	-0.028623937	-0.048409555	0.022666447	0.021752002	0.01350164	-0.04441542	-0.013382445	-0.13136274	0.07362569	-0.061656784	-0.021906426	0.010577385	0.115189545	-0.03508534	-0.055200618	0.043350946
0.057986394	-0.13276282	-0.14398587	0.06490639	0.10365414	-0.040557746	0.044987015	0.08383871	0.17855857	0.10417651	0.1341292	-0.07545435	-0.060823333	0.012681618	-0.009970744	-0.07549213	0.06061476	0.05770408	0.0013755354	-0.10014657	0.108374916	0.06266212	-0.077485226	-0.04279378	0.06324017	0.033135068	-0.18628371	-0.032985408	0.015502986	-0.016416801	-0.092255995	-0.026192533	0.051647283	-0.06843064	0.1324764	0.026747933	-0.012152843	-0.025804805	0.0730701	-0.035137005	-0.03317982	-0.055611953	0.012889129	0.17105393	-0.051815115	-0.066414565	0.10353192	-0.039202392	-0.15193936	0.052377935	0.19291951	-0.13080573	0.086981155	-0.021658821	-0.021436805	-0.15379842	-0.07236485	-0.031977374	0.09590496	0.07875549	-0.09456911	-0.07191011	0.0041018645	-0.085799806
0.028128643	-0.08562149	0.010458607	-0.03474497	-0.0037825506	0.08594495	-0.005417932	0.0056094634	0.10726937	-0.14056079	0.03537545	-0.02405259	0.09596001	0.06658912	0.03323683	0.071457304	-0.01044916	-0.051853944	0.071407996	0.018212177	-0.11217162	0.029432684	0.01091091	0.0094496505	-0.02591889	0.0061975657	0.050024036	-0.0069367415	0.16292247	0.062487833	0.079230435	0.10723864	0.030822622	-0.08506942	0.08209531	0.13115233	0.090920836	-0.021197744	-0.028954994	-0.10780574	0.015691295	0.111816704	0.13618276	-0.028264798	0.07395477	0.07973525	0.09137779	0.023870543	0.018341763	-0.12788782	0.02729142	0.038131837	0.09992106	-0.0731668	0.04355488	-0.009520499	-0.030396434	-0.059791207	-0.07897474	-0.04221862	0.046411674	0.059370026	-0.03562641	-0.030434536
0.08805347	0.025966212	-0.13354091	0.010813802	0.10800993	-0.114730455	0.08852362	0.033828497	0.08807434	-0.052531924	0.024524422	0.008341739	-0.031952966	0.0058684153	-0.007155942	0.020827137	0.007818379	-0.08217408	0.09181353	-0.09591812	-0.03670489	0.058400765	-0.069907226	-0.12371726	-0.13040456	-0.0768354	-0.10122348	0.038464352	0.059636313	0.0025145432	-0.022892792	0.03731608	-0.018134372	-0.1211488	0.0130058145	0.113715366	-0.07860898	0.11408888	-0.015443565	-0.02720585	0.13368705	0.1009943	0.10914092	-0.027327875	0.07548352	-0.051212177	-0.09185683	-0.06545289	-0.11240882	0.08704047	0.10483093	-0.04586412	0.1070995	0.047193713	0.072036766	-0.005513678	-0.07342719	0.06901054	0.0604529	0.036948055	0.022397075	-0.12489775	-0.09253103	0.016447961
-0.121331185	0.07761313	0.20513757	0.13412945	-0.13779649	0.13266884	-0.08083682	0.14647453	-0.036221623	0.07944011	0.1682992	0.16862582	0.11158382	0.10307544	0.15856354	0.12532692	0.09538168	0.022473313	-0.033808764	0.13660732	-0.010379503	0.16337861	-0.03319869	0.10804707	-0.015941475	-0.13198227	0.08171022	0.11957851	0.042104896	-0.023144703	-0.035893053	0.06449694	-0.00038573402	-0.0051765325	0.08787122	-0.00056967064	-0.009893014	0.11008678	-0.14178771	-0.04865296	-0.08153561	-0.027298057	0.14735746	0.042397097	0.06408326	-0.02662348	0.12931246	0.043545704	-0.11463607	-0.0850979	0.1443298	-0.043711282	-0.063673936	-0.14984484	0.084287286	-0.16687529	0.077923045	0.025360098	0.09403669	0.091322444	0.07982089	0.07511998	0.07937408	0.15731408
-0.032832444	-0.09373903	0.091742575	-0.06363915	-0.07019782	0.07762516	0.094664074	-0.07937403	0.018917944	-0.1566897	-0.024146585	0.11975574	-0.05538351	-0.020165026	0.088276766	0.12641571	-0.12965485	-0.01966301	0.16070786	0.037191205	-0.12384596	0.070142806	-0.08074081	-0.035859954	-0.016839549	0.032900568	0.047760982	-0.018405233	0.14152955	0.041585688	0.10124137	0.010189314	0.081261255	-0.14205661	-0.011974715	0.045866046	-0.09481518	0.04041965	0.0847157	0.07160892	0.050391965	0.05681274	0.084044695	0.074761316	0.07724178	0.08097509	0.0154296225	0.06388523	-0.02309508	-0.08123719	0.063246325	-0.08328763	0.13323784	-0.17413957	0.00086613424	-0.114615455	0.002287948	0.045415994	0.05665447	0.017986769	-0.039197724	-0.034791585	-0.005044771	0.07440718
0.12765929	-0.043506898	0.12347831	0.078105025	-0.06057705	-0.036464136	0.058501776	-0.14491706	-0.13664027	0.050783087	0.041631043	-0.060770743	0.057235368	-0.02285937	0.026974645	0.046277422	0.09644825	0.019704038	-0.10798835	-0.13099869	-0.09123113	-0.08994291	0.030082839	-0.12681067	-0.06602635	0.024172338	-0.03441468	-0.15777309	0.08613573	-0.07892829	0.06506864	-0.013477974	0.08789026	-0.042919423	0.061312348	-0.009832707	0.10338262	-0.087107055	0.17244868	0.16801019	-0.09957598	-0.014601603	0.07012845	-0.017487388	0.16312021	0.09880107	0.14855945	-0.02274217	-0.21202262	0.099461	0.07958703	0.001046837	0.08655047	-0.031001419	-0.027709413	0.090574525	0.0025645331	-0.07061046	0.0012339834	0.020569155	0.013942622	0.12641206	-0.046978746	0.06039991
-0.13228959	-0.075735174	-0.09927276	-0.10577765	0.057591602	0.0889589	-0.010845758	0.17655475	0.084851734	0.031417888	0.085224904	0.122871585	0.061173566	0.07978337	0.12936668	-0.09049024	0.032750197	0.06446965	0.00732547	-0.01635737	-0.14797083	-0.00578523	-0.038813796	-0.12588964	0.12152357	0.07017616	-0.035846155	0.13544531	-0.11939418	-0.026602807	-0.16293319	-0.045971658	0.10750736	0.024993932	-0.027892267	-0.08352683	0.20549424	0.03147359	0.062497888	0.03238151	0.063041076	0.053852193	-0.03193465	0.18533787	-0.06546406	-0.21329984	0.099184774	-0.031797756	0.1578442	0.07840738	0.14979021	-0.089983255	0.0028196739	-0.11410343	-0.013680132	-0.1219282	-0.05453435	0.11975491	0.003997326	0.1941439	-0.1960094	-0.13456176	0.064105436	0.0062552663
0.13505934	0.05966812	0.1254419	0.04476244	-0.115666956	0.098395854	-0.11704911	0.08912387	-0.08179065	0.13169137	0.12922107	-0.058724377	-0.013074849	-0.028572185	0.08391545	0.058618773	0.09975711	0.012747166	0.0726942	-0.08281662	0.048928592	0.19996825	0.07442226	-0.025054997	0.055842053	-0.10242079	-0.03719655	0.06628262	-0.08735579	-0.04138138	0.114041656	0.10959575	0.0808476	0.05271067	0.027634533	0.11224295	-0.033980627	0.008444792	-0.040071763	0.12723772	0.024123335	-0.051498193	0.11004026	0.14939907	0.11082682	-0.0133836	0.07252079	-0.15243399	0.033499256	-0.019055473	0.036280587	-0.07106033	0.17115003	-0.124467015	0.14585881	-0.082770005	0.075500794	0.11935463	0.028134365	-0.06874764	0.05068397	-0.019018238	-0.13759984	0.030321969
0.020310314	-0.18819407	-0.13101473	0.032383367	-0.08559425	-0.20508994	-0.044905692	-0.028725334	0.19463237	-0.11269832	-0.06102505	0.003428795	0.0669634	0.10571456	-0.010574952	0.0031426032	0.15733011	-0.05855159	-0.10170773	0.08455758	-0.0731806	0.0032259824	0.076778166	-0.16023436	-0.056768905	-0.00052999065	0.12551552	-0.050218143	0.07747357	0.04315851	0.046214007	-0.009107204	0.0073247007	-0.12981257	-0.040763848	0.002974006	0.07222626	0.09151211	-0.0064662835	-0.060313925	0.11389361	0.061271187	-0.013970373	-0.15459514	-0.021780409	-0.13211194	-0.015189955	0.047683712	-0.014522342	-0.06282386	-0.0335542	0.041048944	-0.10195628	-0.028602261	0.10152254	-0.02586481	-0.07486588	0.07552425	0.12568848	0.051580198	0.091644295	-0.025060367	-0.08129738	-0.070717454
0.10221915	0.10354238	-0.054935735	0.021336868	0.06629529	-0.044594698	0.0725185	0.16246982	-0.069790974	-0.07537037	0.06466443	1.369356e-05	0.054523014	-0.052825745	0.15485111	0.0968696	-0.009771608	-0.035546668	0.10663221	-0.014056367	-0.10014928	0.19018935	-0.08070497	0.020948008	0.07220654	0.02800431	-0.03594352	0.0006722932	0.13061714	0.067835085	-0.06677899	0.06364582	-0.09732751	0.01123311	-0.09843073	0.05440711	0.06216932	0.02879614	0.13161215	0.12423026	0.08140037	0.12674367	0.02027619	-0.0020147318	0.08657651	0.02867534	0.053103987	0.07448456	-0.055349898	0.0984333	-0.019842338	-0.022389922	0.14749241	-0.06706852	0.10290617	-0.100285485	-0.062252298	0.047794677	-0.043527924	0.007169835	0.02411821	-0.11719919	-0.028639352	0.10602328
0.027958054	-0.06757727	0.08375725	-0.02320338	-0.061614733	0.08174994	0.023443492	-0.023522593	-0.09698808	0.15513965	-0.062848136	0.02204342	0.0969546	0.067843504	0.16556682	0.032122724	0.14882344	-0.06952984	-0.01118223	0.08600116	0.05340004	0.0831862	0.07918483	-0.08008669	-0.063368075	-0.0019681829	0.024119733	-0.045760103	0.03817877	-0.11577184	-0.025971424	0.16654593	0.057785943	0.08486037	-0.10482478	-0.04557573	0.09368327	0.13910767	0.07138085	-0.04219314	-0.029965183	-0.09852054	0.07974073	0.15961131	0.10863544	0.04368951	0.17481168	0.02495872	-0.16014202	0.095209815	-0.11174858	0.078844324	0.014053694	-0.13564695	-0.0497385	-0.036682393	0.04829379	0.103907965	-0.08732397	-0.12297957	0.09916143	0.059960306	-0.055219047	0.060748845
0.006108049	0.0165703	-0.034031734	-0.009188987	0.025948843	0.047763065	-0.03207215	-0.15167275	0.015155094	-0.063365415	-0.031179834	-0.10522133	0.18734477	0.05319214	-0.11004793	0.011269449	0.15318947	-0.059106782	-0.09509854	-0.06344563	-0.20376843	-0.012918928	0.07761816	-0.20331469	0.051002372	-0.08144669	0.046006914	0.081755385	0.029862817	0.0487492	0.13826838	-0.07352885	-0.0010566817	0.010985658	-0.01666673	-0.04889296	-0.031833667	0.065136515	0.13938063	0.033809476	-0.050503656	0.061572332	-0.026326943	-0.077339485	0.19262774	0.0063900985	0.1534405	0.014729249	-0.02976619	0.15390985	0.17692809	0.08563736	0.13209939	-0.03400288	0.057036404	0.16720614	-0.048875596	0.11902937	-0.060327355	-0.01405961	0.10539413	0.09221553	0.1118324	0.057591468
-0.087090455	-0.17599481	0.023765491	0.053547658	-0.09431284	-0.1459845	-0.051907707	-0.13036522	0.088642955	0.04510291	-0.031073127	-0.071666695	-0.08122728	0.009672852	-0.11111827	0.05079688	0.14115404	0.07730028	-0.04653045	-0.060168497	-0.022924354	0.11893543	-0.15525278	-0.21229304	0.036474686	0.064928606	0.07738508	0.048841223	0.08791564	0.021155462	-0.043819368	-0.01898583	-0.18119803	-0.036112793	-0.05369159	-0.060461313	-0.09579876	0.05398682	0.004229289	-0.09154147	-0.030257858	-0.1266118	-0.06260951	0.054322835	0.14549777	0.10736656	-0.07492197	-0.16711247	-0.103765905	0.002276707	0.21358065	-0.12833595	-0.09992532	0.016557522	0.044883285	-0.188161	0.16891605	-0.064691804	-0.012911464	0.18351036	0.14594936	0.08851391	-0.19570757	-0.10371626
-0.0042072674	-0.008479003	0.08381274	0.08988321	-0.026553739	-0.045160092	0.087688595	-0.097340964	0.0013160225	0.0022844418	0.008130474	-0.063413545	0.10605394	0.047760192	-0.05116002	0.10763635	0.07449237	-0.021118265	0.027663646	-0.075208455	-0.15163162	0.033734884	0.00091313984	-0.07771029	-0.12955765	-0.060842216	0.08321978	-0.08733259	-0.029686105	-0.015194527	0.035433672	-0.031870928	-0.0017231047	-0.08481854	-0.006923466	-0.043887116	0.060991857	0.10101227	0.009037218	0.08911257	-0.065141924	-0.022050295	-0.03256174	-0.11128718	0.14595883	0.061996777	-0.025329886	0.048221283	-0.08830843	0.026209475	0.14779048	-0.109905876	0.0546806	-0.078520566	0.069965385	0.11298836	0.04464512	0.04898012	0.052111752	-0.04123815	0.14098004	0.04836545	-0.0683716	0.0051977774
-0.058942255	-0.12669036	-0.007492696	0.15083647	0.057831917	0.012354704	0.03403836	0.08179853	0.0060904915	-0.06372249	-0.003770742	-0.08223107	0.007962541	0.11012184	-0.03450888	0.094101414	0.08070844	0.045936603	-0.016146937	0.018136447	-0.14606969	0.08534901	-0.068779476	-0.16941106	-0.13811645	-0.057807617	0.039983854	-0.00067860604	-0.015351129	0.024492888	0.04920689	-0.02115332	-0.015414502	0.07702922	0.05098068	-0.03937059	0.07460635	0.14684147	0.009825661	-0.0113707315	-0.02277721	-0.09014867	0.1275849	0.019817444	-0.10501477	-0.15026392	-0.03926687	-0.14591387	-0.114234574	-0.10040039	0.030470131	-0.09823987	-0.0690095	-0.10604645	0.036115263	-0.0019084781	-0.0022169142	0.14509712	0.037833154	0.17953151	0.031153101	0.07893139	-0.2082109	-0.06086891
0.06058639	-0.06021759	-0.015143465	-0.004969409	-0.054841742	-0.1761085	0.0059398473	0.1701868	-0.0006073201	0.11354489	0.06561552	0.037552394	-0.06816192	-0.030461887	-0.026379893	-0.07738795	0.14036837	-0.012327318	0.006062035	-0.10209911	-0.1372835	0.09758544	0.043229643	-0.0096630175	-0.11929939	0.09248866	0.10617768	-0.06442341	0.12804502	-0.08334404	-0.08661992	0.0052263513	0.11861726	0.0038291055	-0.090935715	-0.059065647	-0.0056494405	-0.10240606	-0.013811002	0.06222298	0.052929066	-0.05846156	0.07294354	0.16480137	-0.1143485	-0.05519491	0.15355828	0.04304764	-0.036093675	0.07958705	-0.035007443	0.012563515	-0.12420082	0.06798244	0.046983033	-0.022472609	-0.0033969784	0.02379663	0.12690976	-0.023842927	0.009123708	-0.14058088	-0.012064143	0.050202057
0.035568263	-0.04624908	-0.087563284	-0.06857598	-0.06381426	-0.046135034	-0.08523274	0.1820339	0.18258992	-0.10965367	0.019073358	0.14959915	0.06051511	0.09393006	-0.05787948	-0.04879235	0.128667	0.042111218	0.02845717	0.07531957	-0.13957784	-0.052003637	-0.02495136	-0.073117904	-0.047706787	0.1656477	0.066224016	0.058693357	0.12858	0.10267629	0.009784664	-0.015866838	-0.15670429	0.050450023	0.008842552	-0.06533215	-0.0242299	-0.09705578	0.0057798075	-0.19542487	-0.16071573	-0.14536813	0.12790114	0.07324421	0.023084132	-0.14414741	0.16844204	0.0583198	0.08934461	-0.037096344	-0.005080699	-0.029352441	-0.050724603	-0.074153714	-0.11787207	-0.18366408	-0.10121103	-0.14833888	-0.0010319066	0.06345266	-0.028630458	0.11070225	-0.08626708	0.101983495
-0.14839363	0.009680594	0.08761872	0.014688858	0.06531077	0.0537291	0.07577133	0.084407285	0.075389266	0.15400383	0.04546259	-0.025445102	-0.06485184	0.18449758	-0.045449544	0.07394189	0.021646056	-0.0847614	0.032166746	-0.16093455	0.14892198	0.09293261	-0.13284999	0.10565317	-0.08369363	-0.049963683	-0.117500454	-0.054943666	0.055450577	0.061625004	0.025943978	-0.040432062	-0.041672364	-0.012089917	-0.085682146	0.11872105	0.0791392	-0.12691635	-0.040957652	-0.10199964	0.056604426	-0.030722804	0.016844813	0.0724425	-0.104800336	-0.11389783	-0.07222083	0.056847468	0.013492065	-0.050976053	-0.048632722	-0.13399549	0.05448537	-0.06753829	0.12430582	-0.12521465	-0.13772765	0.09424149	0.06468614	0.043818794	0.052160814	-0.007857801	-0.22226419	0.07947332
0.082577884	0.0006125423	-0.0018490701	0.07621143	-0.020615203	0.043733247	-0.07225996	0.022324001	-0.167298	0.120493345	0.09673272	0.10011953	-0.06176984	-0.11705026	0.1624967	0.032445963	0.14227499	-0.019432707	0.0073713153	-0.09377317	-0.0015023466	0.060114425	0.076032296	0.041796885	0.013493261	-0.017224994	0.013311213	-0.12022602	-0.057204496	-0.06329353	0.0057277293	0.04327427	0.17118222	-0.11105696	-0.082789995	0.124972224	0.01246699	-0.053310554	0.049120545	-0.07142956	-0.14158039	-0.047889836	-0.04980076	0.095413834	-0.04085263	-0.04169646	0.039493617	0.001063122	0.043790046	-0.0502921	-0.025414165	0.024665037	0.11186412	-0.07345404	0.118677646	-0.07858618	-0.055115074	-0.045188416	0.18406889	-0.15831362	0.067137234	0.18307766	0.07176926	-0.084147684
-0.056361075	-0.09346967	-0.161202	0.010715951	0.06415633	0.004539743	0.07415828	-0.08775466	0.106205635	0.026025716	-0.025372507	-0.0055873524	-0.043973338	-0.0044690743	0.01713972	0.02895352	0.051649142	-0.062230993	-0.007971013	-0.13770147	-0.09718175	0.11614563	0.031242665	-0.093985155	0.0012751251	0.082041115	0.03137031	-0.060381655	0.13337894	-0.07096278	0.010592012	-0.030491676	-0.04949074	-0.17515242	-0.0959786	0.03557951	-0.006223258	-0.108643934	0.1300681	0.12371689	0.006383674	-0.0022779598	-0.041162856	-0.059616964	0.07997038	0.12770118	-0.010931306	-0.044426028	-0.040906414	0.09499432	-0.08487045	-0.11132251	0.0045307586	0.07065785	0.028734867	-0.050103426	0.13217966	-0.01429038	-0.06057023	-0.06931314	0.03592066	-0.023775078	-0.079156175	-0.034230895
0.12473575	-0.037761323	-0.03077272	0.008929082	-0.008761977	0.06340222	-0.052490175	-0.04122441	0.026615588	-0.020857299	0.05348351	-0.038969543	0.13897295	-0.007166636	0.13481049	0.030722782	-0.022836559	-0.05411899	0.11300748	-0.08108661	-0.086851284	-0.07573301	0.07722334	-0.10866261	0.06186006	-0.007805728	-0.075874396	0.10544689	0.09415788	0.023789227	0.11182553	0.061256863	0.00468154	0.018737203	-0.06701805	-0.03674775	0.07565676	0.10776539	-0.009895479	-0.072707035	-0.015087379	0.017027903	0.1626575	0.088581935	0.19438785	-0.03898022	-0.08438388	0.03317008	0.018708734	0.060283516	0.17048573	0.04586942	0.16526212	-0.14111347	-0.04409657	-0.028780935	-0.104879975	-0.052572727	0.14170611	-0.13979368	-0.094605565	0.09139797	-0.09193117	-0.069309786
-0.030060973	-0.083377816	0.021196589	0.11822163	0.018246356	-0.03209638	-0.0073210397	0.04352401	-0.08529827	-0.05434929	0.024273865	0.0025948742	-0.09484027	0.05455082	-0.08853426	0.04353463	-0.030096514	0.037021883	-0.0225161	-0.13578482	-0.014862339	0.11837507	-0.038703587	-0.14764157	-0.009065918	-0.03608337	0.010216867	0.031523146	-0.07630722	0.0035303966	-0.06638409	0.017442955	0.06595291	-0.13864006	-0.045658026	0.030592605	-0.007078787	0.016627802	0.0001322697	0.100446284	0.1270545	-0.06983219	-0.1384042	0.21436219	-0.03226152	-0.039830387	-0.07220188	-0.13388368	-0.12814581	-0.042437736	0.16616488	-0.014010004	-0.08243224	0.045921784	0.08856499	-0.11660476	0.0686458	0.13007376	0.0055920538	0.18607782	-0.040190894	0.11417827	-0.16584341	0.00079213805
0.10582808	-0.05032614	-0.035599355	-0.0053521413	-0.0022418753	0.0091969585	0.08893222	-0.09095749	0.0053578014	0.07082933	-0.1342634	-0.1769091	-0.08590366	-0.10568295	-0.067373276	0.10915059	0.07856056	0.10045147	-0.047067128	-0.11253231	-0.009268673	0.13415521	0.009922937	-0.15648966	-0.07494774	-0.00817288	0.058758177	-0.15166734	-0.009082453	0.024530193	-0.099204555	0.0034122039	-0.11908819	0.04474209	0.041809347	0.11417988	0.046417866	0.066794015	0.17558697	-0.009849837	-0.0055811256	0.05204126	-0.04648472	0.018684657	-0.024113055	0.013642273	0.036815446	-0.12152227	-0.10271593	0.040493965	0.13090888	-0.07175945	0.054259244	-0.03209189	0.03613334	-0.051970847	0.14074075	0.063404076	-0.019830786	0.021757916	0.04202415	0.116371065	-0.12489562	-0.008000044
-0.1566582	0.0060367836	-0.05279121	-0.07666373	-0.033215057	-0.072385356	0.026765056	0.01083619	-0.06371619	0.12314758	0.02164706	0.069577314	0.07977749	0.1271714	-0.025732258	-0.0065192687	0.12883873	-0.15528908	-0.060273048	-0.11719081	0.06331361	0.020687725	-0.07313123	-0.12407388	-0.11140458	-0.16437955	0.024037533	0.21703778	-0.08016907	-0.14262332	-0.096073955	0.007553949	0.1016111	0.08293166	-0.050378177	0.14185365	0.17406538	0.116460904	0.00696758	-0.15160395	0.13887261	0.10455113	-0.0146548655	0.21869773	-0.05506059	-0.07873802	0.022243133	-0.08844691	0.03262383	-0.0010453863	0.1219611	0.043873902	0.12055461	-0.0769249	-0.06755771	0.014647652	-0.028831514	-0.051667545	-0.096599676	0.07713806	0.011297726	-0.12987767	-0.013324878	-0.094212346
0.09051732	-0.10874162	-0.078851014	-0.0628549	0.0033637304	-0.16808058	0.03502297	-0.076797426	0.026072992	0.07336173	0.05991987	-0.05843369	-0.15207434	-0.072902314	-0.105289444	0.10093057	0.0987634	-0.15847558	0.07562464	0.0048243576	0.07576879	0.0033758762	-0.009427533	0.007005199	-0.10509723	-0.009417302	-0.13822895	-0.011030909	0.055351708	-0.1234203	-0.09885615	0.1496485	-0.08192623	-0.15196632	0.022072302	0.10565722	0.05612471	0.011407937	0.11620711	-0.026083283	0.04018512	0.03924986	0.14030974	0.11392841	-0.033425994	-0.011975278	0.0014448081	-0.058416836	-0.1676202	-0.08737003	0.08883705	-0.046763398	0.08410013	0.06380519	0.096297674	-0.012831426	0.09245919	0.10418614	0.007955467	0.05175903	0.012048294	-0.05906478	-0.16778967	-0.01099943
0.035400428	-0.10133335	0.12399651	0.03755147	0.009172888	-0.029403094	0.11290399	0.0037218744	0.12364257	0.16867256	0.041482612	-0.022712313	0.1321415	0.01967028	0.011005186	0.10521344	-0.09159213	0.034214426	-0.0029882027	-0.11156311	0.030185848	0.020344462	0.039356716	0.055150915	-0.111165956	0.090003304	0.13124205	-0.110184476	0.016489292	0.044073448	0.06323026	0.053986114	0.13402016	-0.08955037	-0.0031097063	0.0151684815	0.12405968	-0.17376482	0.045608718	-0.014357591	-0.07321904	0.09677675	-0.06606507	-0.036904577	-0.004532992	0.11436447	0.19026747	-0.044212446	-0.06026645	0.073035404	0.04915767	-0.073279426	0.062244114	0.03080016	-0.042268924	-0.0062735216	-0.022918273	0.060458288	-0.005540617	0.0017394603	0.04330402	0.117497236	0.0179992	0.0708153
-0.004649503	-0.15122363	-0.06716199	0.07781496	0.06984732	-0.108131655	0.090642296	-0.09425183	0.03412141	-0.115958214	-0.03009256	0.008557803	-0.04753289	-0.01985906	-0.0784971	0.041224323	0.1063116	0.011070473	0.039918616	0.017218696	0.048294235	-0.043201625	-0.13477328	-0.15624247	-0.12215112	-0.0121295005	-0.070951104	-0.051779654	0.11653795	0.016917884	0.01134823	-0.002557956	-0.04802915	-0.087892845	-0.021450942	-0.014189144	0.08318927	0.07130026	-0.043562632	-0.015220509	0.17037821	-0.07405012	0.03765022	0.008279152	-0.011848096	0.0118153365	0.060774755	-0.05035376	-0.12161373	0.018046333	0.10357535	-0.0051414673	-0.13562424	-0.0156245995	0.00028860875	-0.13851383	-0.043940365	0.16850679	0.015899535	0.13340896	0.13487136	0.026337953	-0.08442851	-0.012176428
0.046813097	-0.05614375	0.034635194	-0.017307766	0.06321306	0.115831606	0.051137615	-0.022134205	-0.025164569	0.10624397	0.046686217	0.099141195	0.10608528	-0.06803565	0.10250785	-0.015020527	-0.023603456	-0.047086895	0.066895254	0.10397572	-0.07955502	0.101748414	0.061984643	-0.08171508	0.038570296	-0.0022474884	0.07113219	-0.052293908	0.013261993	0.0022321115	-0.01535177	0.013088503	0.12717916	-0.02814111	-0.09615572	0.121065676	0.030177105	0.035650115	0.07561624	-0.022074759	0.0017487752	0.013162548	0.08132247	-0.019889273	-0.05798973	0.008674012	0.1578041	-0.06256826	-0.041816894	0.021480521	0.0028449658	-0.05096714	0.077377595	-0.08911628	-0.024747035	-0.10629923	0.07043323	0.07433223	-0.0042513204	-0.10114371	0.060496587	0.0039008984	0.054076415	0.012981647
0.095107086	0.07748302	-0.1653077	0.07278325	-0.11798077	0.06578299	-0.12589648	0.13298108	0.13699186	-0.12638427	0.07702623	0.12556757	-0.14311264	-0.118653916	0.012096391	-0.21315692	0.058931425	0.22844185	-0.106485106	0.1322855	-0.20968789	0.15990919	0.028861042	-0.057963006	0.018964846	0.040291768	-0.044125587	0.06902178	0.12117367	0.048071228	-0.06896602	-0.15918988	0.02278192	-0.09088063	-0.029697392	-0.076564945	-0.11103064	0.079692215	-0.051305767	0.21158627	0.014448679	-0.047140505	0.20762825	0.126911	-0.14741345	0.046573993	0.19661367	0.11186088	-0.043133076	-0.029689252	-0.0008324491	0.10218146	-0.11672067	-0.13912502	-0.097790964	-0.19302148	-0.10963372	0.08799105	0.1384972	0.17189166	-0.12133576	-0.012538602	-0.13201259	-0.044128496
-0.016314961	-0.0880551	-0.119116515	-0.028570589	-0.1736305	0.15981027	0.0070908433	-0.10335987	-0.061506025	-0.15069623	-0.06461767	0.077045634	0.027650544	-0.17943108	0.015054585	-0.03985353	0.0028320835	0.055822685	0.0046170754	0.10695217	-0.039021	0.00010759033	0.0044455295	-0.11349924	-0.10318345	0.084784366	0.06107155	-0.120625965	0.06318316	0.057824343	0.095618576	-0.1479941	0.016619721	-0.060829483	0.057169758	0.029462485	0.12280984	0.0924311	0.038764775	0.025909979	-0.069270775	0.1580378	0.038691986	-0.023642873	0.028734757	0.10466131	0.143987	0.041585576	-0.08626169	-0.08762904	0.16281351	0.06248655	-0.049651664	-0.17551506	-0.041487757	0.13975133	-0.07606343	-0.015225847	0.020641929	0.08554398	0.0059036217	0.026557239	-0.11193776	-0.06367707
0.1171699	0.07512534	0.0026642422	-0.005361436	-0.008580076	0.052692328	0.06284543	0.121852264	0.10737075	0.1102278	0.0434052	0.02735843	-0.025858702	-0.0895654	-0.017393295	0.061557308	-0.023992285	0.09557567	-0.01878662	-0.16269422	0.0493574	-0.010899213	0.04383504	0.040556986	0.008674172	-0.07902754	-0.01451174	-0.056629866	-0.063461475	0.05970167	0.13255033	0.0131663205	-0.030409522	-0.12860516	-0.034447048	0.103987865	-0.03198419	-0.059210178	0.0059586545	0.017033022	-0.017779017	0.15126716	-0.0040837815	0.020302702	0.15177026	-0.12778027	0.066353686	-0.013668508	-0.12793215	0.08494706	0.1006608	-0.14454196	0.07812986	-0.12044823	0.031491715	-0.023899047	-0.05940419	-0.09242419	0.044691652	-0.08265861	-0.08223798	-0.049725972	-0.07905154	-0.018153701
-0.042003065	-0.053491402	-0.07541691	0.12797979	-0.09490255	-0.046648473	-0.032141592	0.026283031	-0.039327852	-0.023469748	-0.0492362	-0.039142203	-0.010851211	-0.15271282	-0.14344062	0.023620386	0.040568702	0.13891101	-0.037071783	-0.06690771	-0.06386481	0.23840088	-0.016223578	-0.06042346	0.083563596	-0.073925115	-0.11928226	0.03519628	0.054153133	0.06777189	-0.0031749748	0.03340476	0.033635814	0.057896215	0.01984564	0.0068829707	-0.010197121	0.100412406	0.19099072	0.05285215	-0.12119156	0.06854695	-0.070887886	0.014580247	-0.10017466	-0.10476232	0.013170911	-0.112563394	-0.10943703	-0.025186358	0.20868152	-0.07646017	0.013525205	0.0050192345	0.021649087	-0.0718024	0.11611481	-0.020192765	0.11588425	0.14475968	-0.0352738	0.17210522	-0.10519006	-0.16181195
-0.030154698	0.0014131926	-0.12136735	-0.08314427	0.060223263	0.010361023	-0.116834894	0.17814751	0.1685862	0.14159036	-0.0006208604	-0.08654264	0.07462449	0.082491465	-0.034750346	-0.08521788	0.12600888	0.09585228	-0.10049648	-0.060769707	-0.17479245	0.09775453	0.021594267	-0.00074689667	-0.02670647	-0.034056444	-0.025056785	-0.06102949	-0.11516213	0.09800643	-0.1329002	0.11334902	0.0014940092	0.086146355	-0.030706504	-0.07819056	0.050203763	0.102518685	-0.14044403	-0.050962415	0.10765468	0.038594935	0.019755587	0.1474904	-0.0055181123	-0.1441336	0.1622854	-0.06201565	0.071111225	0.15083455	0.12203675	-0.014333871	0.040126372	-0.054741558	0.118225425	-0.0626016	-0.05392486	-0.08249274	-0.08648141	0.05124461	-0.016380923	0.029879447	0.0538949	-0.06516564
-0.10355151	-0.20269483	-0.14488816	0.09341973	-0.009575201	-0.16014402	-0.14675672	0.020818997	0.016846135	0.12619865	0.11259298	-0.13346894	0.10173585	0.11884201	-0.033153716	0.07518569	0.0321901	0.023205103	0.12612405	0.08804239	0.0250395	0.04407342	-0.0806564	-0.032982077	-0.07919447	0.12812573	0.059347965	-0.06531453	0.029389175	-0.04200136	-0.15157257	-0.049175996	-0.009223223	-0.022280747	0.1092738	0.022467395	0.17252494	0.008945742	0.035493337	-0.12388226	-0.08330757	0.061236065	0.09812246	0.010540104	-0.005149262	0.10903426	0.20169394	-0.019278998	-0.055631284	-0.14967383	0.07560461	-0.08485066	-0.13298455	-0.027443947	-0.06514564	-0.06815169	0.12918307	-0.05022374	0.024865549	0.13121803	0.10897719	-0.04510322	-0.14135925	0.0642249
-0.0052840915	-0.07455901	-0.024156623	0.06751456	0.0943881	-0.01049705	0.1338549	0.071891986	0.008271384	0.09549787	-0.0045279567	0.031787034	0.04586156	0.09724473	-0.046842795	0.10128903	-0.015944084	-0.022969194	-0.012551712	-0.103153095	0.0543661	-0.061459027	-0.11302723	-0.13560125	-0.011671843	-0.06279298	0.009600458	-0.11714697	-0.052995775	0.039279826	-0.09173705	-0.00018634112	-0.008096479	-0.064574845	-0.059750713	-0.008818978	-0.023863016	0.10838961	0.073187046	-0.009117633	0.09821113	-0.024255844	0.0032222893	0.028195145	0.020623304	-0.030624548	-0.02850526	-0.1677269	-0.089684136	0.03790773	0.066061944	-0.020134997	-0.0130155105	-0.096341416	0.102422655	-0.0058087106	-0.12008351	0.08638613	0.11205168	0.12325611	0.105550736	0.07192514	0.01952423	-0.086349316
-0.02181358	0.062964596	-0.115073286	-0.030891107	-0.09559664	-0.00080376683	-0.024415843	0.18955253	0.098024204	-0.08705275	-0.060726333	0.04315521	-0.04133861	0.043934345	-0.04271673	0.019821085	0.059685253	-0.025508134	0.0006887897	-0.08524604	0.04657305	0.18357503	0.1135819	-0.064989686	0.046863295	-0.04738185	-0.04181221	0.013193289	0.053144164	0.015919508	-0.07329368	0.17400895	-0.04844088	-0.20224227	-0.06101471	-0.020630844	-0.09196475	0.011439842	0.026766632	0.0027933482	0.009270784	0.018494604	0.07448083	0.10602537	0.0807201	-0.09736966	0.11356039	-0.054670703	-0.13357656	0.092291355	-0.07507815	0.06494005	-0.05759159	-0.022214655	0.06946277	-0.111934155	-0.024426335	0.07874517	0.021224897	0.09731677	0.094895504	0.011085468	0.0062867263	0.04465541
0.0052488567	0.08429175	0.01585432	0.15328304	-0.10406943	-0.049362246	0.08082485	0.027977502	0.022466375	-0.030314852	-0.038755476	0.048083037	-0.071616694	0.11951035	-0.049264938	0.066939354	0.06902014	-0.07189059	-0.057814807	-0.054398086	0.028607387	0.15376435	-0.11191754	-0.12750003	-0.12966263	-0.08387759	0.1019396	0.0153018925	0.043034386	0.03978779	-0.1581026	-0.116001144	-0.021019503	-0.11644452	-0.07647688	0.037239548	-0.07707585	0.08197513	-0.07579834	0.105138004	0.02480312	-0.039171875	-0.030364519	0.14242706	0.042031184	0.03381046	-0.1016136	-0.08975238	-0.10482265	-0.021969814	0.027078858	0.038780276	-0.032508876	-0.079511024	0.054589752	-0.20767711	-0.060624003	0.0381351	0.1464278	0.17816249	0.040888738	-0.14412707	-0.097903386	0.08513939
0.055566322	-0.053156536	-0.19973922	0.059203994	0.16653337	-0.03232642	-0.12343123	0.07201607	0.034755725	0.03261382	0.08495324	-0.009140002	-0.010752925	0.13641609	-0.053079277	-0.0556266	0.044916254	0.1044343	0.05619044	-0.08102846	-0.15994364	0.083871216	-0.11621213	-0.0080531435	0.11007866	-0.03388267	-0.09501772	-0.001550798	-0.076159954	-0.044570554	-0.20737721	-0.061693296	-0.08337981	-0.004534695	-0.01748334	-0.104329236	-0.08602901	0.12972511	0.04224312	0.10170572	0.11584553	0.04201647	-0.111839965	0.04854848	0.082020335	-0.047831908	-0.08714629	-0.023415962	-0.18619691	0.11699071	0.18935926	-0.07535799	-0.05669886	-0.07979581	0.08922839	-0.12335994	0.16962412	-0.030618733	0.13193445	0.09871174	-0.051585313	-0.14522912	-0.15560699	0.0979363
0.11751009	0.010663333	0.007963469	-0.018366508	0.11479151	-0.0019883101	-0.014643231	0.13769554	-0.008882972	0.075355016	0.10110451	-0.057547607	0.09155524	0.03536415	0.260592	0.14848353	-0.051160764	0.05503673	0.012491269	-0.08152003	0.0420856	0.008839512	0.023376802	0.06333928	-0.023784354	0.029931366	-0.010776501	0.05890017	0.11093229	0.030040486	0.08005262	0.1654298	0.10745235	-0.1006816	-0.020790245	0.010687023	0.064607404	-0.07507971	-0.029126799	0.013736641	-0.0028496599	-0.025461206	0.06854382	0.111338526	0.1406047	0.11800184	0.16000105	-0.011207518	0.009295965	0.035411872	0.18936037	-0.07180079	0.16883339	-0.1379164	-0.050939303	-0.15267792	0.017374098	0.025281139	0.072322555	-0.08339037	-0.060497493	-0.0065262383	0.018420896	0.11463553
-0.031031104	-0.024184052	-0.14181848	-0.0845737	-0.0952154	0.044282634	-0.02029289	0.04573358	0.088460416	0.064607285	-0.025867254	-0.040498517	0.027935134	-0.010177342	-0.0718729	0.09341824	0.11146229	-0.050496537	-0.029635664	0.009093114	0.09165913	0.1204677	0.12701769	0.03053749	-0.009593141	-0.078409605	0.117964186	0.105276965	-0.006843699	-0.036560964	0.10471236	0.07661148	0.0821616	-0.050566204	0.06483553	0.08285121	-0.13899972	0.016509993	-0.00033638132	0.0023048788	-0.089223556	0.04781744	-0.08451374	0.028952284	-0.0026407575	-0.021837646	0.070920095	-0.11894732	-0.1668131	-0.077260755	-0.007986213	-0.065618314	0.07924899	-0.11431475	0.032789543	0.15082091	-0.029434472	0.021780552	0.14791702	-0.07120252	0.10079511	0.16658095	4.9523027e-05	-0.11118988
-0.04759433	-0.022174845	-0.08510989	-0.094177	-0.02756003	-0.17154624	-0.07939891	-0.00027245173	0.024787987	0.045924034	-0.043033987	0.08614999	-0.11511422	-0.094843045	-0.13916403	0.079794504	0.058400847	0.053466234	0.0049800095	0.06439919	-0.045962736	0.13320681	0.08786212	-0.09606149	-0.10121287	-0.045816433	0.03831807	-0.14111248	-0.0013055939	0.052667785	0.101047695	-0.04083493	-0.077126436	0.04134529	0.09599486	-0.025318509	0.13248286	0.046085034	0.12795965	0.007678538	0.09716571	0.15887947	0.12407044	-0.09799199	0.0052505997	-0.063378274	0.02171717	-0.08067152	-0.04293315	0.11217246	-0.005951292	-0.065279454	-0.08181935	-0.0781695	0.0020145741	-0.017743818	-0.01784765	-0.04311915	0.067918345	0.009102752	0.036090437	-0.07259287	-0.18464583	0.012090851
0.06597164	-0.12118007	-0.12443505	0.14855494	-0.026582077	0.08708033	0.072922945	0.09430266	-0.01166599	-0.005971841	0.06294546	-0.09604641	0.04066151	-0.04444538	0.0023617302	-0.10622472	0.19956285	0.00758146	-0.10671338	0.06772836	-0.14902548	-0.027116917	-0.018243479	-0.14892504	0.025498416	0.0166594	-0.0075455857	0.066521145	0.1012435	-0.07794026	-0.043361936	0.12479572	-0.17965993	-0.085063845	-0.06878657	0.12495748	-0.029243918	0.095230974	0.11104532	-0.0015809134	-0.092994526	-0.05839912	-0.015118368	0.07413303	0.04110839	-0.05442178	0.030550577	-0.10752578	0.06807647	0.056216925	0.05100963	0.11529677	0.10870332	0.086058415	0.10388086	-0.11871931	0.091213025	0.022128802	-0.003554577	-0.01124092	0.039732985	0.0811386	-0.00011203075	-0.13866998
-0.009425368	0.09612516	0.1354723	-0.023039132	-0.14437386	0.043497108	0.014805417	0.12261228	-0.03231691	0.012539634	0.014454143	0.13876231	-0.08054503	0.039101582	0.16609801	0.067526646	0.032935403	0.09011871	-0.06391542	0.058903508	-0.03659915	0.11509659	-0.009390085	-0.015151589	0.029717512	-0.013081008	0.15791671	-0.012245522	0.07417672	0.08992635	0.05669316	0.15179116	0.053882465	-0.02160435	-0.12918058	-0.037361003	0.017855724	0.053987876	0.021766137	0.09119563	-0.0032871454	0.019053206	0.001657642	0.14842443	-0.02561407	-0.071128346	0.004081328	0.0007499348	-0.04482506	0.04085479	0.043694112	0.012540442	0.025381895	-0.18987636	0.024037994	-0.16511007	-0.057974357	-0.07341534	-0.0025187526	0.073914744	-0.035687998	0.06393581	-0.03664778	0.056733523
-0.122303784	-0.14298765	-0.047550816	0.088330895	0.14156546	-0.21718644	-0.21431254	0.1149873	0.043129344	0.20891324	0.053331442	0.075665995	-0.1008658	-0.00033308438	-0.1916295	0.07177762	0.05205715	-0.031107526	-0.053885587	0.06830044	0.055390682	-0.05565764	-0.08753452	-0.059173938	-0.030755168	0.11317099	0.053963713	0.09388386	-0.15131299	0.027976016	-0.02030169	-0.10557288	-0.0589539	0.045561355	-0.15525837	0.14316808	-0.051077615	0.02990477	-0.1312865	0.004588111	-0.05254296	-0.10799009	0.03869347	-0.09669011	-0.054225236	0.11390315	0.06786836	0.0010795856	0.08866051	0.12071046	0.15413846	-0.093908876	0.097988665	0.019542865	0.12624477	-0.16305545	0.054403987	-0.026467144	0.086573265	-0.03305723	0.1333379	-0.0131216375	-0.18254468	-0.061559938
-0.040404245	-0.11315277	-0.1442021	-0.09393656	0.027161062	0.08427712	0.0048317155	0.15596175	-0.021079998	-0.012395538	0.116111964	0.12945625	-0.0024621624	-0.015888918	-0.10402404	-0.06644503	0.16269441	0.010816905	0.18445465	0.18590124	0.03227433	-0.065717995	-0.028457643	0.022360137	-0.021075945	0.036981586	-0.14135464	0.04849705	-0.039194845	0.0013757012	-0.07612331	0.08819234	0.05472391	-0.09572403	0.114926435	0.0008792381	0.1743484	0.115611084	-0.028392965	-0.01790785	0.12130718	0.03407828	0.0016487659	0.16546436	-0.13933323	-0.050519664	0.07232981	0.11173114	-0.059384424	0.06476266	0.08703725	0.1006362	-0.05246116	-0.047258478	0.03032114	-0.10721453	-0.025471298	0.027177889	-0.07773739	0.081249826	0.018712025	0.033095412	-0.00030755403	-0.017623814
-0.07651506	0.019333605	0.014819401	-0.01797435	-0.0124779	-0.031070083	-0.1242115	0.12958953	0.15364465	-0.13348344	0.059382923	0.1393138	-0.08470736	0.10416798	0.060006022	0.10195501	-0.02966292	0.13603175	0.11272291	0.0780968	0.003229652	0.018167045	-0.011839105	0.08330617	-0.057057347	-0.049930613	0.099812545	-0.05071553	0.048992634	0.031325337	0.150069	0.1521828	0.030631915	-0.14956613	-0.12596741	-0.05573942	-0.012752306	0.07612735	-0.09666752	0.050473966	0.036436673	0.06116813	0.10922256	0.071928136	0.024687767	-0.02753455	0.019929165	0.037623897	-0.10010308	0.047503505	0.023958242	-0.16452582	-0.08584941	-0.19051187	-0.06783249	0.020027922	0.03059136	-0.10533047	-0.053918637	-0.07758901	0.02784353	0.026017943	-0.18094493	0.14238122
-0.0059840037	-0.075712934	-0.16826072	0.023936093	0.13358732	0.009713119	0.03245914	0.04506836	-0.10296863	-0.062916	-0.110956736	0.07409543	0.07176157	-0.08910264	-0.01804293	0.051434163	-0.048091374	0.031350918	0.09994871	-0.08237153	-0.07893368	0.21108985	0.038868435	-0.07326384	0.1280666	-0.033545535	-0.100509	0.019928906	0.031234449	0.04866135	-0.19350429	0.018106034	0.08680476	-0.08798172	-0.127134	0.06946951	0.031659927	0.08160626	0.12347445	0.009499098	-0.004631232	0.07770451	-0.1466088	0.026558384	-0.071103476	0.009563976	-0.14459632	-0.022935655	-0.020077758	-0.078460775	0.014413031	0.046406426	0.09759095	-0.10195563	0.128827	0.007606404	0.010041969	0.07258896	0.13501711	0.027295878	0.12005572	0.08808734	-0.09527761	-0.12916017
0.08395517	0.07686348	0.019080995	0.05325065	-0.0528227	0.029018959	0.06364579	0.021417748	-0.07965302	-0.016212216	0.051100038	0.017295418	0.10334853	-0.13786428	0.11624155	0.13754661	0.15988949	-0.11056748	0.024556935	-0.017506938	0.09983005	0.02277581	0.043819316	-0.00024936142	-0.12986624	0.05452482	0.00035884182	0.056708585	-0.08149472	-0.008153513	0.12628074	-0.017772978	0.12462792	-0.11261376	-0.058033757	0.0901019	0.16017014	0.154117	-0.062086016	0.027627656	-0.09744591	0.06558271	0.00769332	0.075971276	0.029042143	0.03658406	0.030674942	-0.08257596	-0.13890088	-0.14697333	-0.0048389477	-0.077108525	0.031228326	-0.13673647	0.019385297	0.057921648	-0.02963491	-0.0032735884	0.01147835	0.026286317	-0.1310098	-0.00391245	-0.120704524	-0.14560601
-0.021437077	-0.044117674	0.11832331	-0.02642566	0.054468337	-0.072997116	0.091991924	-0.05330527	-0.07552599	-0.07418926	-0.06776907	0.10057085	-0.005279983	-0.05368733	0.08713754	0.13553362	-0.050675493	0.009967502	0.15381044	-0.04591153	-0.0018581583	-0.088410795	-0.114628784	0.06911978	0.010664101	0.06813946	0.07878729	0.020968817	0.08153512	0.028381152	0.17530888	0.12253403	0.05311088	-0.14477117	-0.024971245	0.11116657	0.118906744	-0.02694237	0.055426054	0.08625779	0.14720438	-0.0011686845	-0.0064789765	0.04782349	0.043873545	0.030550536	-0.047705706	0.065453	-0.008851289	-0.058707613	0.14977434	0.05244366	0.17457244	-0.14752746	0.053453967	0.1082583	-0.105998695	-0.017842209	0.09419748	-0.10722978	0.14012873	0.15150711	-0.11762177	-0.041636705
0.18363978	0.08143215	-0.12635049	-0.060456257	0.13165282	-0.13914809	0.013613823	0.08317187	0.026871406	-0.063094765	0.1581394	0.12641054	0.03514264	-0.11760168	0.09988534	0.09334166	0.13092704	0.10509149	0.030842485	0.02000159	-0.0038684506	-0.10202818	-0.02039286	0.03871282	-0.10791064	0.088602826	0.090277515	-0.020473596	0.0014678151	0.06335631	0.0512721	0.101164185	0.091569655	-0.13053592	-0.048497092	-0.060365763	-0.0703061	0.0178744	-0.032487947	0.013889069	-0.04948049	0.048747543	-0.039595928	-0.075584486	0.036870334	-0.12345086	0.03238856	-0.0227135	-0.14975122	-0.14726035	0.012020862	-0.127443	0.042909525	-0.14122643	0.14086443	0.055312958	-0.110614374	0.096975066	0.051222492	0.0413873	-0.12442757	0.07284707	-0.14633295	0.10412698
0.14228223	0.06428137	0.118883595	-0.07592319	-0.0831207	-0.055693615	0.102330044	-0.042840287	-0.0958318	0.15032035	0.048363276	0.055803377	0.12018186	-0.09984429	0.16272391	0.009650655	-0.04035567	0.06404205	-0.046174664	0.06016664	-0.05715644	-0.06396481	-0.10213772	-0.06737165	0.020817462	-0.053031527	-0.010528071	0.009108759	-0.020902624	0.08694897	0.07086709	0.039406866	-0.029425671	0.0133115845	-0.07428965	0.14176433	0.10066107	0.07961976	0.004306888	0.07693749	0.014964785	-0.09479723	0.0059928712	0.12757796	0.13103633	0.0040213317	0.018935194	0.024968687	-0.126322	-0.060529187	0.04751692	-0.0040665814	0.1628564	-0.19248688	-0.05817532	-0.11137364	0.0022804644	-0.12459238	0.060640287	-0.10715287	0.07415177	-0.06375078	-0.16245621	-0.07069398
-0.09523702	-0.19317429	0.17662106	-0.0029077418	0.02946514	-0.13441794	-0.14287777	0.18397462	0.014890557	-0.04609407	0.27751517	0.2420126	0.07976903	0.13294023	0.15476839	-0.09193831	0.03745716	-0.16870683	0.19471624	0.20474018	0.089287676	-0.16104433	-0.004081812	-0.013273695	0.15532947	-0.03893237	-0.14857717	-0.021762632	0.01607195	0.05040926	0.1716723	0.014605279	0.16979247	-0.08796345	0.09083117	-0.037602223	0.17430173	0.14711267	-0.06356686	-0.1427477	0.027952874	-0.12254275	-0.08114354	0.07081304	0.0073814904	-0.06702499	-0.054254226	0.22541057	-0.110117204	-0.265126	0.08149179	0.026235122	0.14134254	-0.07686607	0.18476997	-0.08595323	-0.06456379	-0.09084865	0.086951144	-0.09472183	0.041796014	-0.08461099	-0.15389694	0.02805344
0.037525594	-0.03979026	-0.15626602	-0.07825305	-0.02333229	-0.033974487	0.019011823	0.04248304	0.09355721	-0.036591727	-0.008969245	-0.051418673	0.0033499575	-0.023870675	-0.00037104537	0.045539886	0.13322464	0.025421789	-0.100176	0.018941702	0.044518344	0.13771977	-0.06802374	-0.12065582	-0.015336896	-0.090955645	-0.039700795	0.12572911	-0.059118416	0.12552403	0.029043665	0.08557085	-0.15140519	0.02001895	0.021494128	0.110033534	0.013896559	0.12682012	-0.063442014	-0.08883116	0.023482174	0.08074127	-0.020888135	0.13088301	0.07573433	-0.14227818	0.06302089	-0.1989923	-0.012454015	-0.00824312	-0.02809757	-0.027722804	0.12604444	-0.1749292	0.054591198	-0.12704143	-0.061672714	0.08163933	-0.06373089	0.09778061	-0.022063762	-0.029230991	-0.113574654	-0.048300687
0.037961103	0.08344276	-0.0832639	0.05860594	-0.14099754	0.13607168	-0.008683553	-0.03733974	0.11035215	-0.0464557	-0.034474403	0.002334685	-0.070876926	0.090883285	0.07683646	0.10388861	0.102940515	-0.008718084	0.13103883	-0.030390207	-0.1097388	0.09559675	0.06661649	-0.05689738	-0.071559794	-0.09671526	0.1271462	-0.00034061164	0.018697571	-0.04852308	0.032950837	0.101283915	0.04730574	-0.03817715	0.053464234	0.0049393154	0.013554959	0.12870537	0.020359758	-0.022290686	-0.00074702123	-0.043713033	0.14280233	0.09658166	0.078296	-0.063652605	-0.052764125	-0.05799702	-0.07719837	-0.10658804	-0.06901454	-0.00430078	0.044062983	-0.13312389	0.0508047	-0.119416066	0.009772717	-0.012473711	0.06760231	-0.083291434	0.0033990613	-0.11824531	-0.17645176	0.07832807
0.07189716	-0.018630572	-0.10086842	0.006101371	0.05211982	-0.024664842	-0.025140958	-0.034923647	-0.010475434	0.035564125	-0.08827638	0.1310304	-0.0150182275	-0.051805597	0.13738391	0.02519648	0.11926105	0.010156291	0.10691492	-0.018127069	0.019063273	-0.05004697	0.035753913	-0.03750009	0.042956557	0.030057423	-0.070523806	0.004223516	-0.07539549	-0.08059818	0.08027043	0.14699481	0.12633072	-0.13504833	-0.022581208	-0.061195455	-0.06952941	0.1610635	-0.07451954	0.014082574	0.14255854	-0.031102367	-0.062094286	0.08270528	0.035726555	-0.026636865	0.076473586	-0.018024812	-0.09178341	0.15652278	0.1867531	-0.02990854	-0.009859704	-0.15882054	0.017995482	-0.020977153	0.0013106815	-0.04359615	0.0888355	-0.09929233	0.077156246	0.1633874	0.038667366	-0.050524205
0.019275475	-0.044291046	-0.07668527	0.052171897	-0.12215252	-0.097242184	-0.05107627	-0.088219225	0.10601443	0.07429695	-0.18454216	-0.21841659	-0.07170508	-0.0023915155	-0.039700925	0.05552924	0.029402487	0.09911311	-0.15927061	-0.23747694	-0.013542315	0.21522415	0.09446072	-0.1918575	-0.12442233	0.04790136	0.10531198	-0.18983677	0.04483165	-0.006286744	-0.013368787	-0.1483562	-0.003222396	-0.025774065	-0.048666894	0.1199177	-0.080211155	0.06496365	0.0742467	0.09452414	-0.100978985	0.11488354	-0.10349388	-0.07427993	-0.018696574	-0.0043610516	-0.021440227	-0.088876545	-0.042862196	0.12917048	0.10572015	-0.15895523	0.026382918	0.070538506	0.028773522	-0.14558019	0.08535162	0.00963562	0.10180614	0.14000556	-0.036016185	0.083487675	-0.112908445	-0.05965883
-0.07311194	-0.03104749	-0.18392241	0.16224945	0.08048975	0.0060735554	0.085903816	0.13558458	0.10489963	-0.1071162	0.051126655	0.037190605	0.039410204	0.11486943	-0.013466992	0.008320752	-0.00634552	0.048675414	-0.0057043517	-0.12807815	-0.0036046791	0.13093826	-0.05171636	-0.08840775	-0.034454416	-0.014718298	0.02106876	-0.050732758	0.083827026	0.023769801	-0.13419572	0.019104749	0.04778138	-0.15934029	-0.14650036	0.07493941	-0.07478667	-0.023414379	-0.0784097	0.06469712	0.018092401	0.00040664218	-0.094061606	0.054749563	-0.014461188	0.011673806	-0.010647626	-0.1628518	-0.060020547	-0.011339577	0.11825191	-0.0045542233	-0.068055175	0.027443726	0.00029172614	-0.062362578	-0.03987365	0.041446105	0.15527125	0.07709554	0.049978215	-0.037083693	0.044367332	-0.05312365
-0.086265	0.04592921	-0.043385796	0.030875428	-0.009350607	-0.028195513	-0.07793955	0.19485928	0.010408654	0.02231607	-0.052093524	0.083261296	-0.08231305	0.039259814	-0.027960682	-0.022408132	0.0469407	0.029449562	0.015894616	-0.022230804	0.0005585616	0.20425315	0.04262804	-0.06502461	-0.047143918	-0.0107105225	0.09979663	-0.008681944	-0.0137848575	0.06185687	-0.18023418	0.037994247	-0.07549737	-0.09594954	-0.013871274	0.14205825	-0.060913306	0.11122132	-0.048503235	0.07609406	0.12563032	-0.10525881	-0.01901241	0.08169718	-0.07668685	0.039855592	-0.029127972	-0.10335681	-0.037702397	0.08586402	0.019727997	0.03374447	-0.005293527	-0.11248955	0.102749094	-0.050425153	-0.05447477	-0.011014824	0.07814048	-0.02860658	0.017771393	0.070011094	-0.08871067	0.007320694
-0.026114946	-0.07424292	0.032642208	-0.07867791	-0.08987529	0.12132253	0.08146253	-0.10704684	0.0061459136	0.117258064	0.06447202	-0.023927499	-0.028389404	-0.013829833	-0.027389217	-0.0035528836	-0.037883483	-0.081005335	0.021469332	0.02103862	0.0018514368	0.10280546	0.056027725	-0.12094798	0.090004906	-0.06031451	0.0100088855	-0.10786698	-0.022181053	-0.015639132	0.07480884	-0.11093346	-0.029628515	0.0439041	0.06619809	0.14103976	0.031018877	-0.0005914629	0.052783195	0.044493478	0.005755952	0.1697768	0.0952629	0.025208652	0.153802	0.1612948	0.116307065	-0.027587196	0.005652782	0.14760515	0.12145562	-0.06927602	0.14684214	-0.07828384	-0.028876306	0.005946929	-0.06761846	-0.055150248	0.05850034	-0.14146036	0.1271845	-0.079551086	0.0670824	0.090104125
-0.15258683	-0.10368753	0.049955048	-0.012448449	0.14290014	-0.12315351	0.034778036	0.031090297	-0.07159864	0.061614398	0.07677855	0.051650614	0.07743093	-0.030784216	-0.10583597	0.003562871	0.058684085	-0.12536691	0.046530373	0.0718229	-0.1560349	0.14573283	-0.074467525	-0.04629251	0.09330624	-0.016300442	0.05958868	0.062192388	0.18000583	-0.06499921	-0.0033306528	0.09493218	0.082232736	-0.05224164	-0.028090326	0.06796697	0.04624709	0.075250626	0.09729054	-0.089549676	0.08914646	-0.045059323	-0.0324619	0.043628167	-0.14701268	0.04550184	0.09060595	0.12577637	-0.034611844	-0.09086245	-0.06297949	0.002435748	0.038293637	0.072332166	0.048128743	-0.042147268	0.07205752	0.021368911	0.01888871	-0.08970051	0.17166722	-0.15476623	-0.032015167	0.0033485952
0.045812875	0.11165032	-0.0146937305	0.006282465	-0.03372919	0.077873595	0.08445741	-0.03082791	-0.034071475	-0.06127949	0.08732132	-0.0122268945	-0.029729936	0.07843316	0.21890981	0.082535535	0.0073140915	0.09632442	0.0755468	0.0038253632	0.019871732	-0.07506651	-0.03127393	0.019263659	-0.071586184	-0.099521086	0.08697391	-0.0135739725	0.1356314	0.06639507	0.14198743	0.10534392	0.1109407	0.005643159	0.01666104	0.036074426	0.00088458625	0.09594413	-0.082303666	0.051758062	0.030314885	-0.09716592	0.031427767	0.17915384	-0.0022873483	-0.040880747	0.090307355	0.052203152	-0.15948968	0.019515922	0.15876551	-0.091679975	-0.03573362	-0.17247975	-0.048898064	-0.09546448	-0.028522953	-0.10075498	0.026069004	-0.012839437	0.07730783	0.07239199	-0.085085616	0.06421675
0.13631047	0.0018299593	-0.010015546	-0.124818176	0.013290393	0.037526175	0.08084242	-0.036333047	0.09909068	0.053306524	-0.038788717	0.0048015895	-0.0038538836	-0.13557522	0.05182113	0.112217285	-0.018102037	0.10540012	-0.14596161	-0.055221375	-0.10029169	0.17283101	-0.007295097	-0.12245497	-0.067847915	0.07298401	0.16339031	-0.14671703	-0.08488119	-0.0040381765	0.13037723	-0.04678662	-0.037284456	0.07457164	-0.069988854	-0.10044103	-0.10329483	0.025662253	0.10650809	0.021407325	0.010753202	0.036037587	-0.037216734	-0.062896535	0.051048987	-0.00881188	0.0018859606	-0.0379969	-0.12824757	0.052786145	-0.009266104	-0.11792071	0.12825765	-0.10394449	0.0712153	0.13869847	-0.06484085	0.032910667	-0.0145317335	0.023622477	0.07966664	0.20771918	-0.09824045	-0.034856025
-0.1742159	-0.0059269094	0.0014555767	-0.15589292	-0.003324887	0.14904632	-0.00085658405	0.15764283	-0.009388095	-0.030958824	0.04215153	0.10548528	0.035197053	0.004800421	0.13323948	0.044645544	0.13301589	-0.03254442	-0.104828544	0.06573922	-0.0714619	-0.016738031	-0.042864617	0.068918526	0.067873165	0.053711314	-0.012863337	0.22248857	-0.12939218	-0.036020145	0.028270094	0.11472352	-0.030920474	-0.052445192	-0.020059388	0.09740122	0.031863376	-0.005035278	0.0029466948	0.004934208	-0.07275506	0.052469827	-0.0020555016	0.039965615	0.1444963	-0.10424472	0.16825852	-0.11278082	0.06886986	-0.07403777	-0.07516878	0.09585306	0.1853813	-0.24390005	0.13492057	-0.097227484	0.0011564669	-0.056027416	0.040186964	0.021073917	-0.008682157	-0.105135635	0.06224959	-0.095069885
-0.00205911	-0.12246977	0.004243856	0.05263315	-0.03946403	-0.086062305	-0.01345123	0.053899694	0.08364735	-0.058193862	0.15576899	0.15309744	-0.039072845	0.025785156	-0.13571772	0.033093646	0.21614806	-0.16031924	0.064052045	0.18703985	-0.1495024	0.13640699	-0.041539174	-0.02987299	-0.03866189	-0.10930152	0.07778454	0.17670552	-0.041566692	-0.12641521	0.015155872	-0.09871386	-0.11251858	0.07135445	0.04078218	-0.07061049	0.07980653	0.061105967	-0.0019649584	-0.17093349	0.05599867	-0.007987768	-0.010182207	0.19092956	0.024569334	-0.11953142	0.12042086	0.10121681	-0.06859041	-0.10980814	-0.12202155	-0.073059246	-0.12237561	-0.07378695	-0.06307304	0.010573665	0.10109737	0.0744053	-0.08650598	-0.041420717	0.067574225	-0.08618688	-0.15216035	0.07284187
-0.062215123	-0.16097726	0.064672515	0.14455543	-0.018867774	-0.028775774	0.05365626	0.11429367	-0.020092618	0.12742406	-0.0041130814	-0.0323544	0.041816626	0.011911028	-0.06253542	0.0039661964	0.09809371	-0.130995	0.1363303	-0.08828846	0.05126146	0.005104433	-0.085400574	-0.08532636	0.010382581	0.014944098	-0.11640374	0.042546976	0.058877304	-0.085145265	-0.018205985	0.15456088	0.102853656	0.0013726169	-0.033922553	-0.028504618	0.19761565	0.013164598	-0.104257815	-0.063317336	0.18560265	0.035133272	0.13354018	0.18799579	-0.08377537	-0.04807118	0.019508647	-0.017360024	-0.077931955	-0.12355063	0.039897624	-0.013860334	0.041768197	0.05709373	0.17456232	-0.15603136	0.028925953	0.012967315	0.0891947	0.072994314	0.055772707	-0.099749126	-0.04480351	-0.110281445
0.12415003	-0.048073635	0.165775	0.0351812	-0.012084098	0.102879114	0.02100596	-0.09198223	-0.026446454	-0.06602654	0.15334332	-0.0078710625	-0.0026547206	0.067469805	0.08371653	-0.029286463	0.068244435	-0.00236591	0.0797071	-0.0052629774	-0.1391438	0.06028885	-0.081297934	-0.082475826	0.02279492	-0.084229186	-0.061509263	-0.10051242	0.061549485	-0.0053007226	-0.036186162	0.061056826	0.034224182	-0.071075484	0.089713044	0.03674006	-0.021448167	0.0105807325	0.034397632	0.14426664	0.11608835	-0.04201764	0.058787037	0.028383665	0.17630132	0.08621796	-0.077251054	-0.046811614	-0.077914834	-0.051981643	0.20367788	-0.04903166	0.10266676	-0.14714861	0.12359692	-0.0058280043	0.0013573441	0.11065875	0.09209781	-0.034586366	0.014298955	0.018394355	-0.06706407	0.13724442
-0.056893818	-0.07681256	-0.059616808	0.11888156	-0.012389702	-0.018007897	-0.09596694	-0.03322106	0.12617518	0.1706059	-0.0361326	0.09475977	-0.09046351	0.07305131	0.0018553125	-0.030946251	0.20669559	-0.00997392	0.053149655	-0.028668426	0.04030735	-0.0020014513	0.035021342	-0.121817164	0.023920521	0.09603295	-0.08013069	-0.036327504	-0.07187197	-0.03397994	-0.14710948	0.0313822	0.009178376	-0.014143201	0.011844045	-0.039097153	0.18135507	0.0938712	0.026455585	-0.05786526	0.023479456	-0.058671378	0.084687814	0.05401834	-0.028154422	0.039982256	-0.020210471	-0.058255	-0.013312019	0.09925406	-0.019303938	-0.03424577	-0.117060244	-0.07883093	0.0364515	-0.14591226	0.0077533587	0.033951487	0.13007584	-0.058404725	-0.07189441	0.07777429	-0.1887731	0.0009814688
0.0244824	-0.119055286	-0.23737425	0.101255454	0.09880198	-0.16849588	-0.037798792	0.04439841	-0.013072878	0.015291592	0.03880426	0.026285244	0.03059979	-0.028387947	0.06447847	-0.06779201	0.021005357	0.03132739	-0.0693753	-0.01309602	0.03455943	0.0732727	-0.048700143	-0.14741746	-0.10955845	-0.05842523	-0.0038026033	-0.0046705343	-0.024763152	0.038611837	-0.024377408	0.024236869	0.0044274675	-0.018420374	-0.06431283	0.10997047	0.1506638	0.08685175	-0.072557054	-0.08150889	0.14772294	-0.03685782	0.014684026	0.11246252	-0.023761678	-0.092475794	0.055849522	-0.11755467	0.0075706933	0.12296556	0.13735546	-0.040420078	0.09002474	-0.012266524	-0.1377185	-0.12006113	-0.09344781	-0.038378283	-0.029472401	0.009229062	-0.040011052	0.0023339025	-0.09359494	0.06716706
0.13889065	0.08309475	0.088088535	-0.13888872	0.06064391	0.07631241	-0.014897282	-0.108907476	-0.028032271	-0.0042924564	0.009878883	-0.04162357	-0.064839326	0.035549413	0.042185854	0.025607599	0.087147765	0.02297915	0.03128601	0.034635246	-0.14256836	-0.016711358	0.093723275	-0.0048777172	0.005550047	0.08432115	0.015236192	-0.1446481	0.16564232	-0.0229248	-0.045646425	-0.050055075	-0.0402769	0.031499673	0.0065459134	0.10827781	-0.068640836	0.09837861	0.1566191	0.013957695	-0.10941611	0.017322231	0.050367747	-0.074877575	0.14678207	0.08752744	-0.053587545	0.036150124	-0.08358572	0.19489607	0.07801303	0.030663311	0.14013474	-0.08793265	0.08327166	0.027390791	0.045221984	-0.123039894	-0.09516013	-0.083823055	-0.05285813	0.14137712	-0.18810189	0.115849964
-0.08317765	-0.16224258	-0.14132245	0.11159857	-0.047692083	-0.07826604	-0.04289473	0.013188996	0.16058195	-0.070945546	0.03234658	0.06789611	-0.057276502	-0.039508004	0.069046505	-0.0012357562	-0.08156292	0.12503141	-0.012398951	0.08433271	-0.054959062	0.19559863	-0.103737816	-0.045522008	-0.110783	0.01611471	0.075986825	-0.03473794	0.029801503	-0.020057915	0.0070808697	-0.028042857	-0.01996943	-0.024522053	-0.04168817	0.14211333	-0.014103274	0.06507915	-0.11724279	0.01406065	0.10700991	-0.035584304	0.14696407	0.12364182	-0.102431506	0.03015478	0.14476034	0.010702326	-0.0026982243	0.024957769	-0.029040191	-0.08946926	-0.043944035	-0.014987252	-0.12245102	-0.18678541	-0.013851965	0.031965323	-0.040950652	0.028110595	0.004295921	-0.035975575	-0.114320494	0.073578484
0.13610004	0.11015413	0.048347834	-0.07635694	-0.08823823	0.027665475	-0.023792967	-0.10604524	-0.022014529	-0.08038354	-0.122041956	-0.10297818	0.03268385	-0.052099433	0.027014887	0.0821056	0.037987627	0.059779212	-0.08320637	-0.08897453	0.00023523343	0.19461963	0.0285413	-0.059218235	-0.029210422	-0.04957761	0.03147885	-0.05064879	0.12406291	0.056199472	0.121989176	0.04602126	-0.04799489	0.032013617	-0.062224247	0.08680639	-0.007523052	0.11464115	0.124912605	-0.043996416	-0.1419281	0.16179647	-0.07276897	-0.0035316464	0.09783412	-0.05807804	0.02493358	0.0039280383	-0.116328195	0.0933024	0.14469458	-0.0035867249	0.07281922	-0.004567556	-0.012841418	-0.016441304	0.07632684	0.020765549	-0.019148475	0.062246185	0.012619608	0.18278287	-0.17930262	-0.049967647
0.013191052	-0.09996891	-0.024933811	0.15857813	-0.041135382	0.077886365	-0.060470797	0.15162876	-0.022350986	0.14689931	-0.005975096	0.016533757	0.03133183	-0.038861174	-0.05771318	-0.05292471	0.01292212	0.093017615	-0.05922109	-0.046390235	-0.11207094	0.09451651	0.081632085	-0.013674534	-0.07004393	-0.003111413	0.102871604	-0.1492296	0.07600619	0.02634979	-0.017487034	-0.03893313	-0.10454603	-0.13056456	0.050859764	0.053224456	-0.0058835014	-0.086222135	0.06700086	0.06360635	0.022614853	-0.05071973	0.029256137	0.02374173	0.13000639	0.13289562	-0.0014964386	0.038051225	-0.16263892	0.052962914	0.07777553	0.087164044	-0.017360538	-0.038940415	0.00604685	0.1212879	-0.081309766	0.08722043	0.08077193	-0.06803241	0.06934943	0.12248468	-0.121799275	0.06302839
0.033615876	-0.044423312	-0.0018080657	0.040813223	-0.07313248	0.084292874	0.065244146	0.060921	0.015179756	0.107168175	0.060755	-0.024170097	0.17601827	0.05493084	0.023702793	0.042855166	0.0036191011	-0.05754878	0.07159286	0.011649179	-0.14433111	-0.06005557	0.02024638	-0.13081916	-0.097399	-0.07014738	0.072290145	-0.061071258	0.07635094	0.023815962	0.043223444	0.032267593	0.12068076	0.030626973	-0.13367364	0.03543414	0.04301638	0.11328942	0.123547934	0.06616099	-0.0137087945	0.02691235	0.05881563	-0.012197374	0.08076653	-0.011387396	0.061875228	-0.040395174	-0.10194118	-0.069175534	0.0018067921	-0.063895576	0.084552206	-0.047021806	-0.04024339	0.013721217	-0.019196272	0.05538877	0.1385797	-0.09346217	-0.02672003	-0.10247802	0.023231344	-0.01668153
0.16785203	-0.027683707	0.061672784	-0.06935328	0.055804715	-0.02053949	0.03264185	-0.11579187	0.060241923	-0.020091679	0.01019195	0.03156848	0.09547363	-0.11821678	0.052891556	0.033723816	0.0032840576	0.10650015	-0.049892403	-0.024216734	-0.05317729	0.13837625	-0.030803347	-0.0978444	-0.018567542	-0.0049831215	0.12594339	-0.0008688315	0.0015738858	0.07176519	0.092124276	0.043367073	0.09143539	0.09995285	-0.026694182	0.0038236142	0.06466451	0.03544629	0.10739904	-0.049588773	-0.061456673	-0.018483022	-0.032847706	0.011370539	0.102126494	-0.035956968	0.00043527607	0.037034217	-0.022717487	-0.030342175	0.09601499	-0.01925001	0.19192454	-0.102994986	0.06635632	0.1266262	-0.0603734	-0.035882168	-0.054052018	-0.08519912	-0.021821516	0.062372804	-0.20680358	-0.04455675
-0.12781209	-0.10711271	-0.09373291	0.104825765	-0.028555566	-0.11535816	0.025188029	-0.006743504	-0.08037271	0.13619332	-0.08815254	-0.05535069	0.031357802	0.17146215	-0.11623268	0.007621586	0.14712903	-0.0099286465	0.024215085	-0.07779439	-0.10531201	0.0880778	0.057718817	-0.09249632	-0.0652712	-0.03662207	-0.014178209	0.03834711	0.035575714	-0.12666006	-0.12126765	-0.004377931	0.05107638	-0.036241833	0.055436824	0.06278804	-0.12376726	0.14741293	0.0118285185	-0.056559052	0.015744645	-0.05915591	-0.0463027	0.12401868	-0.041432183	0.002538748	0.052824847	0.007289223	0.045601707	0.07491032	0.19058463	-0.065354355	0.07155508	-0.023060163	0.009235442	-0.11437384	0.03270045	0.024651859	0.060639154	0.08292132	0.12575819	-0.036622908	-0.08974198	-0.04465181
0.02084423	0.0025515235	-0.19675492	-0.07837839	-0.03029776	-0.11043069	-0.015864944	-0.036059324	0.07869098	-0.005938606	0.010199093	0.016012723	-0.015639374	0.019141605	-0.08197891	0.010636507	0.097940184	-0.11336322	-0.05236444	0.022618627	0.06272001	-0.062162627	0.049245346	-0.039221607	-0.08097955	-0.09258332	0.06611466	0.07889135	0.035653003	0.039716747	-0.0867544	0.07600472	0.032968834	-0.087605715	0.06669798	0.14693403	0.115590475	0.06100378	-0.09785217	-0.081184566	0.05411318	0.12667683	0.03390943	0.06514349	0.09019224	-0.06439391	0.08465218	-0.19436963	-0.12163918	0.011947924	-0.012508463	0.08779094	-0.01170662	-0.10299125	-0.06795903	-0.07593504	0.0052374275	-0.106097005	-0.020306949	-0.02249668	-0.08947699	0.00489425	-0.032129887	0.06675996
0.12692492	0.1084714	0.14120694	0.051056523	-0.10250015	-0.00016900047	0.04120109	0.023833841	0.13821664	-0.10786194	0.13827404	-0.04331882	0.03174249	0.11098636	0.16485542	0.10874298	-0.0047515156	-0.1149646	0.01280993	-0.06088706	-0.049991474	0.0967841	-0.07660782	0.0026672184	-0.07247762	-0.113366075	0.098296106	0.052612968	0.06451116	0.03087445	0.09464906	0.09762396	0.06290064	-0.12528367	-0.08163443	0.0355663	-0.0003775442	0.14220205	-0.067606635	0.04035584	0.04809738	0.035677996	0.057212092	0.076266415	0.15956904	0.05823103	-0.09766692	0.015085569	-0.1023211	0.059127897	0.1421786	-0.06317351	0.14054754	0.027694562	0.057703774	-0.05839081	-0.002930005	-0.038968783	-0.03857784	0.00887737	-0.015151013	0.01651711	-0.039726816	0.1176517
0.17896396	0.03692653	0.022552127	-0.092025	-0.02419985	0.057254307	0.014212111	-0.051265962	-0.052497894	-0.031044146	0.0049937777	-0.18995139	0.010534794	0.035706345	0.041574713	0.068458706	0.0063692075	0.0903123	-0.08892797	-0.13346602	-0.07801342	0.0096393125	0.07640721	-0.049086154	-0.048497733	-0.09076451	0.15306547	-0.18690568	0.08326564	0.037782565	0.11519643	-0.04042864	-0.013100228	0.05515664	0.06563638	0.11299907	-0.079895034	0.04467521	0.054294262	0.12653558	0.030282961	0.1064261	-0.037374564	0.045633014	0.12393806	0.014002273	0.07235473	-0.012826483	-0.17001244	0.11446521	0.16242316	-0.117436126	0.12337286	-0.08953873	-0.022787238	0.008243886	-0.0035128638	-0.058704924	0.03612005	-0.07513685	0.011250744	0.012820668	-0.055210095	0.110280834
0.06435418	-0.062803164	-0.010401003	-0.0016953485	-0.12210078	0.053019945	-0.01484502	0.0068614855	-0.044954658	0.0055532455	0.047485065	0.028074905	-0.060260754	-0.07252737	0.0907794	0.061345734	0.10292053	-0.065394916	0.13282505	0.11216102	0.028067106	0.18993405	0.048672326	-0.002199426	-0.020428391	0.07908642	-0.022767738	-0.07494579	-0.0009488151	-0.09040804	0.11557678	0.04121781	0.13182445	-0.040707	0.108422525	0.098602556	0.16899852	-0.09273759	0.16850758	-0.014732527	-0.09910705	0.096414626	0.061804652	0.107242405	-0.08860462	-0.04499683	0.05535207	0.06807028	-0.025662305	-0.07617715	0.056590267	0.022044104	0.18434544	-0.11615609	0.0759166	0.03634428	-0.100854985	-0.091061875	0.074393645	-0.01651464	0.017645938	-0.120781556	-0.049856182	-0.033980727
-0.081498824	-0.063956365	-0.04362276	-0.048835814	-0.058162507	-0.2061284	0.019803071	-0.09884552	0.07277756	0.06046683	-0.050075468	-0.05462671	0.04161869	0.028267885	0.019445466	-0.020245891	0.0680145	0.081767984	-0.035642754	0.018524786	-0.018658224	0.13864167	-0.1296777	-0.209986	0.0660612	0.015817894	0.06168661	0.045410573	-0.038570434	-0.022594556	-0.11031198	-0.058485724	0.13087657	-0.0518986	-0.004265768	0.081262104	0.1124424	0.04063382	-0.019833371	-0.04355028	-0.025506997	0.02281106	-0.002015985	0.071728446	0.086643316	0.025022455	0.056177657	-0.035533875	0.07507644	0.115629695	0.08120599	-0.04516471	-0.0689058	-0.05193463	0.033445906	-0.20702659	0.0013284303	-0.03456019	0.0772979	0.1643039	0.15172105	-0.08671637	0.048129387	0.067845695
0.087712556	-0.16380958	0.0027377983	0.07465316	0.060482733	-0.09267627	-0.038165838	-0.018863495	0.11455136	0.013398997	0.13911077	0.06818227	0.10581589	-0.06199837	0.096020006	0.046970136	-0.08582714	-0.033692386	0.04467338	-0.05690308	-0.010448571	-0.07308579	-0.006391419	-0.12132241	0.067487694	0.0012552345	0.02752969	-0.055940118	0.120197356	0.041771594	0.04971766	0.07312	0.18619688	-0.03441292	-0.12350914	-0.035125997	-0.0031506096	0.06223205	-0.0055149687	0.039531156	0.11786372	0.071759395	0.13742691	-0.03427311	0.03897387	0.13744174	0.07495406	0.027975662	0.0070227566	-0.028841862	0.008027359	-0.053130325	0.02845445	-0.03324998	0.0703747	0.08084887	-0.04979151	0.042346466	0.10598203	-0.07632953	0.008998812	0.1580479	0.030141668	-0.042493746
